ID,name,position,mutation,sequence,len
0,HsWT_notordered,0,WT,AAACCACAGATAATATATGGGGCACGAGGGACAAGATACCAGACATTTGTGAATTTCAATTATTGTACTGGCATCCTGGGCTCTCAAAGT,90
1,Hs324syn,324,syn,AAgCCACAGATAATATATGGGGCACGAGGGACAAGATACCAGACATTTGTGAATTTCAATTATTGTACTGGCATCCTGGGCTCTCAAAGT,90
2,Hs324stop,324,stop,TGACCACAGATAATATATGGGGCACGAGGGACAAGATACCAGACATTTGTGAATTTCAATTATTGTACTGGCATCCTGGGCTCTCAAAGT,90
3,Hs328syn,328,syn,AAACCACAGATAAtcTATGGGGCACGAGGGACAAGATACCAGACATTTGTGAATTTCAATTATTGTACTGGCATCCTGGGCTCTCAAAGT,90
4,Hs328stop,328,stop,AAACCACAGATATGATATGGGGCACGAGGGACAAGATACCAGACATTTGTGAATTTCAATTATTGTACTGGCATCCTGGGCTCTCAAAGT,90
5,Hs330syn,330,syn,AAACCACAGATAATATATGGcGCACGAGGGACAAGATACCAGACATTTGTGAATTTCAATTATTGTACTGGCATCCTGGGCTCTCAAAGT,90
6,Hs330stop,330,stop,AAACCACAGATAATATATTGAGCACGAGGGACAAGATACCAGACATTTGTGAATTTCAATTATTGTACTGGCATCCTGGGCTCTCAAAGT,90
7,Hs333syn,333,syn,AAACCACAGATAATATATGGGGCACGAGGcACAAGATACCAGACATTTGTGAATTTCAATTATTGTACTGGCATCCTGGGCTCTCAAAGT,90
8,Hs333stop,333,stop,AAACCACAGATAATATATGGGGCACGATGAACAAGATACCAGACATTTGTGAATTTCAATTATTGTACTGGCATCCTGGGCTCTCAAAGT,90
9,Hs336syn,336,syn,AAACCACAGATAATATATGGGGCACGAGGGACAAGATAtCAGACATTTGTGAATTTCAATTATTGTACTGGCATCCTGGGCTCTCAAAGT,90
10,Hs336stop,336,stop,AAACCACAGATAATATATGGGGCACGAGGGACAAGATGACAGACATTTGTGAATTTCAATTATTGTACTGGCATCCTGGGCTCTCAAAGT,90
11,Hs340syn,340,syn,AAACCACAGATAATATATGGGGCACGAGGGACAAGATACCAGACATTTGTtAATTTCAATTATTGTACTGGCATCCTGGGCTCTCAAAGT,90
12,Hs340stop,340,stop,AAACCACAGATAATATATGGGGCACGAGGGACAAGATACCAGACATTTTGAAATTTCAATTATTGTACTGGCATCCTGGGCTCTCAAAGT,90
13,Hs345syn,345,syn,AAACCACAGATAATATATGGGGCACGAGGGACAAGATACCAGACATTTGTGAATTTCAATTATTGcACTGGCATCCTGGGCTCTCAAAGT,90
14,Hs345stop,345,stop,AAACCACAGATAATATATGGGGCACGAGGGACAAGATACCAGACATTTGTGAATTTCAATTATTGAACTGGCATCCTGGGCTCTCAAAGT,90
15,Hs324dupe1,324,dupe1,AAgAAACCACAGATAATATATGGGGCACGAGGGACAAGATACCAGACATTTGTGAATTTCAATTATTGTACTGGCATCCTGGGCTCTCAAAGT,93
16,Hs324dupe2,324,dupe2,AAgCCgAAACCACAGATAATATATGGGGCACGAGGGACAAGATACCAGACATTTGTGAATTTCAATTATTGTACTGGCATCCTGGGCTCTCAAAGT,96
17,Hs324dupe3,324,dupe3,AAgCCgCAaAAACCACAGATAATATATGGGGCACGAGGGACAAGATACCAGACATTTGTGAATTTCAATTATTGTACTGGCATCCTGGGCTCTCAAAGT,99
18,Hs324dupe4,324,dupe4,AAgCCgCAaATcAAACCACAGATAATATATGGGGCACGAGGGACAAGATACCAGACATTTGTGAATTTCAATTATTGTACTGGCATCCTGGGCTCTCAAAGT,102
19,Hs324dupe5,324,dupe5,AAgCCgCAaATcATcAAACCACAGATAATATATGGGGCACGAGGGACAAGATACCAGACATTTGTGAATTTCAATTATTGTACTGGCATCCTGGGCTCTCAAAGT,105
20,Hs324dupe6,324,dupe6,AAgCCgCAaATcATcTAcAAACCACAGATAATATATGGGGCACGAGGGACAAGATACCAGACATTTGTGAATTTCAATTATTGTACTGGCATCCTGGGCTCTCAAAGT,108
21,Hs324dupe7,324,dupe7,AAgCCgCAaATcATcTAcGGcAAACCACAGATAATATATGGGGCACGAGGGACAAGATACCAGACATTTGTGAATTTCAATTATTGTACTGGCATCCTGGGCTCTCAAAGT,111
22,Hs324dupe8,324,dupe8,AAgCCgCAaATcATcTAcGGcGCgAAACCACAGATAATATATGGGGCACGAGGGACAAGATACCAGACATTTGTGAATTTCAATTATTGTACTGGCATCCTGGGCTCTCAAAGT,114
23,Hs324dupe9,324,dupe9,AAgCCgCAaATcATcTAcGGcGCgaGAAAACCACAGATAATATATGGGGCACGAGGGACAAGATACCAGACATTTGTGAATTTCAATTATTGTACTGGCATCCTGGGCTCTCAAAGT,117
24,Hs325dupe1,325,dupe1,AAACCgCCACAGATAATATATGGGGCACGAGGGACAAGATACCAGACATTTGTGAATTTCAATTATTGTACTGGCATCCTGGGCTCTCAAAGT,93
25,Hs325dupe2,325,dupe2,AAACCgCAaCCACAGATAATATATGGGGCACGAGGGACAAGATACCAGACATTTGTGAATTTCAATTATTGTACTGGCATCCTGGGCTCTCAAAGT,96
26,Hs325dupe3,325,dupe3,AAACCgCAaATcCCACAGATAATATATGGGGCACGAGGGACAAGATACCAGACATTTGTGAATTTCAATTATTGTACTGGCATCCTGGGCTCTCAAAGT,99
27,Hs325dupe4,325,dupe4,AAACCgCAaATcATcCCACAGATAATATATGGGGCACGAGGGACAAGATACCAGACATTTGTGAATTTCAATTATTGTACTGGCATCCTGGGCTCTCAAAGT,102
28,Hs325dupe5,325,dupe5,AAACCgCAaATcATcTAcCCACAGATAATATATGGGGCACGAGGGACAAGATACCAGACATTTGTGAATTTCAATTATTGTACTGGCATCCTGGGCTCTCAAAGT,105
29,Hs325dupe6,325,dupe6,AAACCgCAaATcATcTAcGGcCCACAGATAATATATGGGGCACGAGGGACAAGATACCAGACATTTGTGAATTTCAATTATTGTACTGGCATCCTGGGCTCTCAAAGT,108
30,Hs325dupe7,325,dupe7,AAACCgCAaATcATcTAcGGcGCgCCACAGATAATATATGGGGCACGAGGGACAAGATACCAGACATTTGTGAATTTCAATTATTGTACTGGCATCCTGGGCTCTCAAAGT,111
31,Hs325dupe8,325,dupe8,AAACCgCAaATcATcTAcGGcGCgaGACCACAGATAATATATGGGGCACGAGGGACAAGATACCAGACATTTGTGAATTTCAATTATTGTACTGGCATCCTGGGCTCTCAAAGT,114
32,Hs325dupe9,325,dupe9,AAACCgCAaATcATcTAcGGcGCgaGAGGtCCACAGATAATATATGGGGCACGAGGGACAAGATACCAGACATTTGTGAATTTCAATTATTGTACTGGCATCCTGGGCTCTCAAAGT,117
33,Hs326dupe1,326,dupe1,AAACCACAaCAGATAATATATGGGGCACGAGGGACAAGATACCAGACATTTGTGAATTTCAATTATTGTACTGGCATCCTGGGCTCTCAAAGT,93
34,Hs326dupe2,326,dupe2,AAACCACAaATcCAGATAATATATGGGGCACGAGGGACAAGATACCAGACATTTGTGAATTTCAATTATTGTACTGGCATCCTGGGCTCTCAAAGT,96
35,Hs326dupe3,326,dupe3,AAACCACAaATcATcCAGATAATATATGGGGCACGAGGGACAAGATACCAGACATTTGTGAATTTCAATTATTGTACTGGCATCCTGGGCTCTCAAAGT,99
36,Hs326dupe4,326,dupe4,AAACCACAaATcATcTAcCAGATAATATATGGGGCACGAGGGACAAGATACCAGACATTTGTGAATTTCAATTATTGTACTGGCATCCTGGGCTCTCAAAGT,102
37,Hs326dupe5,326,dupe5,AAACCACAaATcATcTAcGGcCAGATAATATATGGGGCACGAGGGACAAGATACCAGACATTTGTGAATTTCAATTATTGTACTGGCATCCTGGGCTCTCAAAGT,105
38,Hs326dupe6,326,dupe6,AAACCACAaATcATcTAcGGcGCgCAGATAATATATGGGGCACGAGGGACAAGATACCAGACATTTGTGAATTTCAATTATTGTACTGGCATCCTGGGCTCTCAAAGT,108
39,Hs326dupe7,326,dupe7,AAACCACAaATcATcTAcGGcGCgaGACAGATAATATATGGGGCACGAGGGACAAGATACCAGACATTTGTGAATTTCAATTATTGTACTGGCATCCTGGGCTCTCAAAGT,111
40,Hs326dupe8,326,dupe8,AAACCACAaATcATcTAcGGcGCgaGAGGtCAGATAATATATGGGGCACGAGGGACAAGATACCAGACATTTGTGAATTTCAATTATTGTACTGGCATCCTGGGCTCTCAAAGT,114
41,Hs326dupe9,326,dupe9,AAACCACAaATcATcTAcGGcGCgaGAGGtACcCAGATAATATATGGGGCACGAGGGACAAGATACCAGACATTTGTGAATTTCAATTATTGTACTGGCATCCTGGGCTCTCAAAGT,117
42,Hs327dupe1,327,dupe1,AAACCACAGATcATAATATATGGGGCACGAGGGACAAGATACCAGACATTTGTGAATTTCAATTATTGTACTGGCATCCTGGGCTCTCAAAGT,93
43,Hs327dupe2,327,dupe2,AAACCACAGATcATcATAATATATGGGGCACGAGGGACAAGATACCAGACATTTGTGAATTTCAATTATTGTACTGGCATCCTGGGCTCTCAAAGT,96
44,Hs327dupe3,327,dupe3,AAACCACAGATcATcTAcATAATATATGGGGCACGAGGGACAAGATACCAGACATTTGTGAATTTCAATTATTGTACTGGCATCCTGGGCTCTCAAAGT,99
45,Hs327dupe4,327,dupe4,AAACCACAGATcATcTAcGGcATAATATATGGGGCACGAGGGACAAGATACCAGACATTTGTGAATTTCAATTATTGTACTGGCATCCTGGGCTCTCAAAGT,102
46,Hs327dupe5,327,dupe5,AAACCACAGATcATcTAcGGcGCgATAATATATGGGGCACGAGGGACAAGATACCAGACATTTGTGAATTTCAATTATTGTACTGGCATCCTGGGCTCTCAAAGT,105
47,Hs327dupe6,327,dupe6,AAACCACAGATcATcTAcGGcGCgaGAATAATATATGGGGCACGAGGGACAAGATACCAGACATTTGTGAATTTCAATTATTGTACTGGCATCCTGGGCTCTCAAAGT,108
48,Hs327dupe7,327,dupe7,AAACCACAGATcATcTAcGGcGCgaGAGGtATAATATATGGGGCACGAGGGACAAGATACCAGACATTTGTGAATTTCAATTATTGTACTGGCATCCTGGGCTCTCAAAGT,111
49,Hs327dupe8,327,dupe8,AAACCACAGATcATcTAcGGcGCgaGAGGtACcATAATATATGGGGCACGAGGGACAAGATACCAGACATTTGTGAATTTCAATTATTGTACTGGCATCCTGGGCTCTCAAAGT,114
50,Hs327dupe9,327,dupe9,AAACCACAGATcATcTAcGGcGCgaGAGGtACccGcATAATATATGGGGCACGAGGGACAAGATACCAGACATTTGTGAATTTCAATTATTGTACTGGCATCCTGGGCTCTCAAAGT,117
51,Hs328dupe1,328,dupe1,AAACCACAGATAATcATATATGGGGCACGAGGGACAAGATACCAGACATTTGTGAATTTCAATTATTGTACTGGCATCCTGGGCTCTCAAAGT,93
52,Hs328dupe2,328,dupe2,AAACCACAGATAATcTAcATATATGGGGCACGAGGGACAAGATACCAGACATTTGTGAATTTCAATTATTGTACTGGCATCCTGGGCTCTCAAAGT,96
53,Hs328dupe3,328,dupe3,AAACCACAGATAATcTAcGGcATATATGGGGCACGAGGGACAAGATACCAGACATTTGTGAATTTCAATTATTGTACTGGCATCCTGGGCTCTCAAAGT,99
54,Hs328dupe4,328,dupe4,AAACCACAGATAATcTAcGGcGCgATATATGGGGCACGAGGGACAAGATACCAGACATTTGTGAATTTCAATTATTGTACTGGCATCCTGGGCTCTCAAAGT,102
55,Hs328dupe5,328,dupe5,AAACCACAGATAATcTAcGGcGCgaGAATATATGGGGCACGAGGGACAAGATACCAGACATTTGTGAATTTCAATTATTGTACTGGCATCCTGGGCTCTCAAAGT,105
56,Hs328dupe6,328,dupe6,AAACCACAGATAATcTAcGGcGCgaGAGGtATATATGGGGCACGAGGGACAAGATACCAGACATTTGTGAATTTCAATTATTGTACTGGCATCCTGGGCTCTCAAAGT,108
57,Hs328dupe7,328,dupe7,AAACCACAGATAATcTAcGGcGCgaGAGGtACcATATATGGGGCACGAGGGACAAGATACCAGACATTTGTGAATTTCAATTATTGTACTGGCATCCTGGGCTCTCAAAGT,111
58,Hs328dupe8,328,dupe8,AAACCACAGATAATcTAcGGcGCgaGAGGtACccGcATATATGGGGCACGAGGGACAAGATACCAGACATTTGTGAATTTCAATTATTGTACTGGCATCCTGGGCTCTCAAAGT,114
59,Hs328dupe9,328,dupe9,AAACCACAGATAATcTAcGGcGCgaGAGGtACccGcTAtATATATGGGGCACGAGGGACAAGATACCAGACATTTGTGAATTTCAATTATTGTACTGGCATCCTGGGCTCTCAAAGT,117
60,Hs329dupe1,329,dupe1,AAACCACAGATAATATAcTATGGGGCACGAGGGACAAGATACCAGACATTTGTGAATTTCAATTATTGTACTGGCATCCTGGGCTCTCAAAGT,93
61,Hs329dupe2,329,dupe2,AAACCACAGATAATATAcGGcTATGGGGCACGAGGGACAAGATACCAGACATTTGTGAATTTCAATTATTGTACTGGCATCCTGGGCTCTCAAAGT,96
62,Hs329dupe3,329,dupe3,AAACCACAGATAATATAcGGcGCgTATGGGGCACGAGGGACAAGATACCAGACATTTGTGAATTTCAATTATTGTACTGGCATCCTGGGCTCTCAAAGT,99
63,Hs329dupe4,329,dupe4,AAACCACAGATAATATAcGGcGCgaGATATGGGGCACGAGGGACAAGATACCAGACATTTGTGAATTTCAATTATTGTACTGGCATCCTGGGCTCTCAAAGT,102
64,Hs329dupe5,329,dupe5,AAACCACAGATAATATAcGGcGCgaGAGGtTATGGGGCACGAGGGACAAGATACCAGACATTTGTGAATTTCAATTATTGTACTGGCATCCTGGGCTCTCAAAGT,105
65,Hs329dupe6,329,dupe6,AAACCACAGATAATATAcGGcGCgaGAGGtACcTATGGGGCACGAGGGACAAGATACCAGACATTTGTGAATTTCAATTATTGTACTGGCATCCTGGGCTCTCAAAGT,108
66,Hs329dupe7,329,dupe7,AAACCACAGATAATATAcGGcGCgaGAGGtACccGcTATGGGGCACGAGGGACAAGATACCAGACATTTGTGAATTTCAATTATTGTACTGGCATCCTGGGCTCTCAAAGT,111
67,Hs329dupe8,329,dupe8,AAACCACAGATAATATAcGGcGCgaGAGGtACccGcTAtTATGGGGCACGAGGGACAAGATACCAGACATTTGTGAATTTCAATTATTGTACTGGCATCCTGGGCTCTCAAAGT,114
68,Hs329dupe9,329,dupe9,AAACCACAGATAATATAcGGcGCgaGAGGtACccGcTAtCAaTATGGGGCACGAGGGACAAGATACCAGACATTTGTGAATTTCAATTATTGTACTGGCATCCTGGGCTCTCAAAGT,117
69,Hs330dupe1,330,dupe1,AAACCACAGATAATATATGGcGGGGCACGAGGGACAAGATACCAGACATTTGTGAATTTCAATTATTGTACTGGCATCCTGGGCTCTCAAAGT,93
70,Hs330dupe2,330,dupe2,AAACCACAGATAATATATGGcGCgGGGGCACGAGGGACAAGATACCAGACATTTGTGAATTTCAATTATTGTACTGGCATCCTGGGCTCTCAAAGT,96
71,Hs330dupe3,330,dupe3,AAACCACAGATAATATATGGcGCgaGAGGGGCACGAGGGACAAGATACCAGACATTTGTGAATTTCAATTATTGTACTGGCATCCTGGGCTCTCAAAGT,99
72,Hs330dupe4,330,dupe4,AAACCACAGATAATATATGGcGCgaGAGGtGGGGCACGAGGGACAAGATACCAGACATTTGTGAATTTCAATTATTGTACTGGCATCCTGGGCTCTCAAAGT,102
73,Hs330dupe5,330,dupe5,AAACCACAGATAATATATGGcGCgaGAGGtACcGGGGCACGAGGGACAAGATACCAGACATTTGTGAATTTCAATTATTGTACTGGCATCCTGGGCTCTCAAAGT,105
74,Hs330dupe6,330,dupe6,AAACCACAGATAATATATGGcGCgaGAGGtACccGcGGGGCACGAGGGACAAGATACCAGACATTTGTGAATTTCAATTATTGTACTGGCATCCTGGGCTCTCAAAGT,108
75,Hs330dupe7,330,dupe7,AAACCACAGATAATATATGGcGCgaGAGGtACccGcTAtGGGGCACGAGGGACAAGATACCAGACATTTGTGAATTTCAATTATTGTACTGGCATCCTGGGCTCTCAAAGT,111
76,Hs330dupe8,330,dupe8,AAACCACAGATAATATATGGcGCgaGAGGtACccGcTAtCAaGGGGCACGAGGGACAAGATACCAGACATTTGTGAATTTCAATTATTGTACTGGCATCCTGGGCTCTCAAAGT,114
77,Hs330dupe9,330,dupe9,AAACCACAGATAATATATGGcGCgaGAGGtACccGcTAtCAaACcGGGGCACGAGGGACAAGATACCAGACATTTGTGAATTTCAATTATTGTACTGGCATCCTGGGCTCTCAAAGT,117
78,Hs331dupe1,331,dupe1,AAACCACAGATAATATATGGGGCgGCACGAGGGACAAGATACCAGACATTTGTGAATTTCAATTATTGTACTGGCATCCTGGGCTCTCAAAGT,93
79,Hs331dupe2,331,dupe2,AAACCACAGATAATATATGGGGCgaGAGCACGAGGGACAAGATACCAGACATTTGTGAATTTCAATTATTGTACTGGCATCCTGGGCTCTCAAAGT,96
80,Hs331dupe3,331,dupe3,AAACCACAGATAATATATGGGGCgaGAGGtGCACGAGGGACAAGATACCAGACATTTGTGAATTTCAATTATTGTACTGGCATCCTGGGCTCTCAAAGT,99
81,Hs331dupe4,331,dupe4,AAACCACAGATAATATATGGGGCgaGAGGtACcGCACGAGGGACAAGATACCAGACATTTGTGAATTTCAATTATTGTACTGGCATCCTGGGCTCTCAAAGT,102
82,Hs331dupe5,331,dupe5,AAACCACAGATAATATATGGGGCgaGAGGtACccGcGCACGAGGGACAAGATACCAGACATTTGTGAATTTCAATTATTGTACTGGCATCCTGGGCTCTCAAAGT,105
83,Hs331dupe6,331,dupe6,AAACCACAGATAATATATGGGGCgaGAGGtACccGcTAtGCACGAGGGACAAGATACCAGACATTTGTGAATTTCAATTATTGTACTGGCATCCTGGGCTCTCAAAGT,108
84,Hs331dupe7,331,dupe7,AAACCACAGATAATATATGGGGCgaGAGGtACccGcTAtCAaGCACGAGGGACAAGATACCAGACATTTGTGAATTTCAATTATTGTACTGGCATCCTGGGCTCTCAAAGT,111
85,Hs331dupe8,331,dupe8,AAACCACAGATAATATATGGGGCgaGAGGtACccGcTAtCAaACcGCACGAGGGACAAGATACCAGACATTTGTGAATTTCAATTATTGTACTGGCATCCTGGGCTCTCAAAGT,114
86,Hs331dupe9,331,dupe9,AAACCACAGATAATATATGGGGCgaGAGGtACccGcTAtCAaACcTTcGCACGAGGGACAAGATACCAGACATTTGTGAATTTCAATTATTGTACTGGCATCCTGGGCTCTCAAAGT,117
87,Hs332dupe1,332,dupe1,AAACCACAGATAATATATGGGGCAaGACGAGGGACAAGATACCAGACATTTGTGAATTTCAATTATTGTACTGGCATCCTGGGCTCTCAAAGT,93
88,Hs332dupe2,332,dupe2,AAACCACAGATAATATATGGGGCAaGAGGtCGAGGGACAAGATACCAGACATTTGTGAATTTCAATTATTGTACTGGCATCCTGGGCTCTCAAAGT,96
89,Hs332dupe3,332,dupe3,AAACCACAGATAATATATGGGGCAaGAGGtACcCGAGGGACAAGATACCAGACATTTGTGAATTTCAATTATTGTACTGGCATCCTGGGCTCTCAAAGT,99
90,Hs332dupe4,332,dupe4,AAACCACAGATAATATATGGGGCAaGAGGtACccGcCGAGGGACAAGATACCAGACATTTGTGAATTTCAATTATTGTACTGGCATCCTGGGCTCTCAAAGT,102
91,Hs332dupe5,332,dupe5,AAACCACAGATAATATATGGGGCAaGAGGtACccGcTAtCGAGGGACAAGATACCAGACATTTGTGAATTTCAATTATTGTACTGGCATCCTGGGCTCTCAAAGT,105
92,Hs332dupe6,332,dupe6,AAACCACAGATAATATATGGGGCAaGAGGtACccGcTAtCAaCGAGGGACAAGATACCAGACATTTGTGAATTTCAATTATTGTACTGGCATCCTGGGCTCTCAAAGT,108
93,Hs332dupe7,332,dupe7,AAACCACAGATAATATATGGGGCAaGAGGtACccGcTAtCAaACcCGAGGGACAAGATACCAGACATTTGTGAATTTCAATTATTGTACTGGCATCCTGGGCTCTCAAAGT,111
94,Hs332dupe8,332,dupe8,AAACCACAGATAATATATGGGGCAaGAGGtACccGcTAtCAaACcTTcCGAGGGACAAGATACCAGACATTTGTGAATTTCAATTATTGTACTGGCATCCTGGGCTCTCAAAGT,114
95,Hs332dupe9,332,dupe9,AAACCACAGATAATATATGGGGCAaGAGGtACccGcTAtCAaACcTTcGTtCGAGGGACAAGATACCAGACATTTGTGAATTTCAATTATTGTACTGGCATCCTGGGCTCTCAAAGT,117
96,Hs333dupe1,333,dupe1,AAACCACAGATAATATATGGGGCACGAGGtGGGACAAGATACCAGACATTTGTGAATTTCAATTATTGTACTGGCATCCTGGGCTCTCAAAGT,93
97,Hs333dupe2,333,dupe2,AAACCACAGATAATATATGGGGCACGAGGtACcGGGACAAGATACCAGACATTTGTGAATTTCAATTATTGTACTGGCATCCTGGGCTCTCAAAGT,96
98,Hs333dupe3,333,dupe3,AAACCACAGATAATATATGGGGCACGAGGtACccGcGGGACAAGATACCAGACATTTGTGAATTTCAATTATTGTACTGGCATCCTGGGCTCTCAAAGT,99
99,Hs333dupe4,333,dupe4,AAACCACAGATAATATATGGGGCACGAGGtACccGcTAtGGGACAAGATACCAGACATTTGTGAATTTCAATTATTGTACTGGCATCCTGGGCTCTCAAAGT,102
100,Hs333dupe5,333,dupe5,AAACCACAGATAATATATGGGGCACGAGGtACccGcTAtCAaGGGACAAGATACCAGACATTTGTGAATTTCAATTATTGTACTGGCATCCTGGGCTCTCAAAGT,105
101,Hs333dupe6,333,dupe6,AAACCACAGATAATATATGGGGCACGAGGtACccGcTAtCAaACcGGGACAAGATACCAGACATTTGTGAATTTCAATTATTGTACTGGCATCCTGGGCTCTCAAAGT,108
102,Hs333dupe7,333,dupe7,AAACCACAGATAATATATGGGGCACGAGGtACccGcTAtCAaACcTTcGGGACAAGATACCAGACATTTGTGAATTTCAATTATTGTACTGGCATCCTGGGCTCTCAAAGT,111
103,Hs333dupe8,333,dupe8,AAACCACAGATAATATATGGGGCACGAGGtACccGcTAtCAaACcTTcGTtGGGACAAGATACCAGACATTTGTGAATTTCAATTATTGTACTGGCATCCTGGGCTCTCAAAGT,114
104,Hs333dupe9,333,dupe9,AAACCACAGATAATATATGGGGCACGAGGtACccGcTAtCAaACcTTcGTtAAcGGGACAAGATACCAGACATTTGTGAATTTCAATTATTGTACTGGCATCCTGGGCTCTCAAAGT,117
105,Hs334dupe1,334,dupe1,AAACCACAGATAATATATGGGGCACGAGGGACcACAAGATACCAGACATTTGTGAATTTCAATTATTGTACTGGCATCCTGGGCTCTCAAAGT,93
106,Hs334dupe2,334,dupe2,AAACCACAGATAATATATGGGGCACGAGGGACccGcACAAGATACCAGACATTTGTGAATTTCAATTATTGTACTGGCATCCTGGGCTCTCAAAGT,96
107,Hs334dupe3,334,dupe3,AAACCACAGATAATATATGGGGCACGAGGGACccGcTAtACAAGATACCAGACATTTGTGAATTTCAATTATTGTACTGGCATCCTGGGCTCTCAAAGT,99
108,Hs334dupe4,334,dupe4,AAACCACAGATAATATATGGGGCACGAGGGACccGcTAtCAaACAAGATACCAGACATTTGTGAATTTCAATTATTGTACTGGCATCCTGGGCTCTCAAAGT,102
109,Hs334dupe5,334,dupe5,AAACCACAGATAATATATGGGGCACGAGGGACccGcTAtCAaACcACAAGATACCAGACATTTGTGAATTTCAATTATTGTACTGGCATCCTGGGCTCTCAAAGT,105
110,Hs334dupe6,334,dupe6,AAACCACAGATAATATATGGGGCACGAGGGACccGcTAtCAaACcTTcACAAGATACCAGACATTTGTGAATTTCAATTATTGTACTGGCATCCTGGGCTCTCAAAGT,108
111,Hs334dupe7,334,dupe7,AAACCACAGATAATATATGGGGCACGAGGGACccGcTAtCAaACcTTcGTtACAAGATACCAGACATTTGTGAATTTCAATTATTGTACTGGCATCCTGGGCTCTCAAAGT,111
112,Hs334dupe8,334,dupe8,AAACCACAGATAATATATGGGGCACGAGGGACccGcTAtCAaACcTTcGTtAAcACAAGATACCAGACATTTGTGAATTTCAATTATTGTACTGGCATCCTGGGCTCTCAAAGT,114
113,Hs334dupe9,334,dupe9,AAACCACAGATAATATATGGGGCACGAGGGACccGcTAtCAaACcTTcGTtAAcTTtACAAGATACCAGACATTTGTGAATTTCAATTATTGTACTGGCATCCTGGGCTCTCAAAGT,117
114,Hs335dupe1,335,dupe1,AAACCACAGATAATATATGGGGCACGAGGGACAcGcAGATACCAGACATTTGTGAATTTCAATTATTGTACTGGCATCCTGGGCTCTCAAAGT,93
115,Hs335dupe2,335,dupe2,AAACCACAGATAATATATGGGGCACGAGGGACAcGcTAtAGATACCAGACATTTGTGAATTTCAATTATTGTACTGGCATCCTGGGCTCTCAAAGT,96
116,Hs335dupe3,335,dupe3,AAACCACAGATAATATATGGGGCACGAGGGACAcGcTAtCAaAGATACCAGACATTTGTGAATTTCAATTATTGTACTGGCATCCTGGGCTCTCAAAGT,99
117,Hs335dupe4,335,dupe4,AAACCACAGATAATATATGGGGCACGAGGGACAcGcTAtCAaACcAGATACCAGACATTTGTGAATTTCAATTATTGTACTGGCATCCTGGGCTCTCAAAGT,102
118,Hs335dupe5,335,dupe5,AAACCACAGATAATATATGGGGCACGAGGGACAcGcTAtCAaACcTTcAGATACCAGACATTTGTGAATTTCAATTATTGTACTGGCATCCTGGGCTCTCAAAGT,105
119,Hs335dupe6,335,dupe6,AAACCACAGATAATATATGGGGCACGAGGGACAcGcTAtCAaACcTTcGTtAGATACCAGACATTTGTGAATTTCAATTATTGTACTGGCATCCTGGGCTCTCAAAGT,108
120,Hs335dupe7,335,dupe7,AAACCACAGATAATATATGGGGCACGAGGGACAcGcTAtCAaACcTTcGTtAAcAGATACCAGACATTTGTGAATTTCAATTATTGTACTGGCATCCTGGGCTCTCAAAGT,111
121,Hs335dupe8,335,dupe8,AAACCACAGATAATATATGGGGCACGAGGGACAcGcTAtCAaACcTTcGTtAAcTTtAGATACCAGACATTTGTGAATTTCAATTATTGTACTGGCATCCTGGGCTCTCAAAGT,114
122,Hs335dupe9,335,dupe9,AAACCACAGATAATATATGGGGCACGAGGGACAcGcTAtCAaACcTTcGTtAAcTTtAAcAGATACCAGACATTTGTGAATTTCAATTATTGTACTGGCATCCTGGGCTCTCAAAGT,117
123,Hs336dupe1,336,dupe1,AAACCACAGATAATATATGGGGCACGAGGGACAAGATAtTACCAGACATTTGTGAATTTCAATTATTGTACTGGCATCCTGGGCTCTCAAAGT,93
124,Hs336dupe2,336,dupe2,AAACCACAGATAATATATGGGGCACGAGGGACAAGATAtCAaTACCAGACATTTGTGAATTTCAATTATTGTACTGGCATCCTGGGCTCTCAAAGT,96
125,Hs336dupe3,336,dupe3,AAACCACAGATAATATATGGGGCACGAGGGACAAGATAtCAaACcTACCAGACATTTGTGAATTTCAATTATTGTACTGGCATCCTGGGCTCTCAAAGT,99
126,Hs336dupe4,336,dupe4,AAACCACAGATAATATATGGGGCACGAGGGACAAGATAtCAaACcTTcTACCAGACATTTGTGAATTTCAATTATTGTACTGGCATCCTGGGCTCTCAAAGT,102
127,Hs336dupe5,336,dupe5,AAACCACAGATAATATATGGGGCACGAGGGACAAGATAtCAaACcTTcGTtTACCAGACATTTGTGAATTTCAATTATTGTACTGGCATCCTGGGCTCTCAAAGT,105
128,Hs336dupe6,336,dupe6,AAACCACAGATAATATATGGGGCACGAGGGACAAGATAtCAaACcTTcGTtAAcTACCAGACATTTGTGAATTTCAATTATTGTACTGGCATCCTGGGCTCTCAAAGT,108
129,Hs336dupe7,336,dupe7,AAACCACAGATAATATATGGGGCACGAGGGACAAGATAtCAaACcTTcGTtAAcTTtTACCAGACATTTGTGAATTTCAATTATTGTACTGGCATCCTGGGCTCTCAAAGT,111
130,Hs336dupe8,336,dupe8,AAACCACAGATAATATATGGGGCACGAGGGACAAGATAtCAaACcTTcGTtAAcTTtAAcTACCAGACATTTGTGAATTTCAATTATTGTACTGGCATCCTGGGCTCTCAAAGT,114
131,Hs336dupe9,336,dupe9,AAACCACAGATAATATATGGGGCACGAGGGACAAGATAtCAaACcTTcGTtAAcTTtAAcTAcTACCAGACATTTGTGAATTTCAATTATTGTACTGGCATCCTGGGCTCTCAAAGT,117
132,Hs337dupe1,337,dupe1,AAACCACAGATAATATATGGGGCACGAGGGACAAGATACCAaCAGACATTTGTGAATTTCAATTATTGTACTGGCATCCTGGGCTCTCAAAGT,93
133,Hs337dupe2,337,dupe2,AAACCACAGATAATATATGGGGCACGAGGGACAAGATACCAaACcCAGACATTTGTGAATTTCAATTATTGTACTGGCATCCTGGGCTCTCAAAGT,96
134,Hs337dupe3,337,dupe3,AAACCACAGATAATATATGGGGCACGAGGGACAAGATACCAaACcTTcCAGACATTTGTGAATTTCAATTATTGTACTGGCATCCTGGGCTCTCAAAGT,99
135,Hs337dupe4,337,dupe4,AAACCACAGATAATATATGGGGCACGAGGGACAAGATACCAaACcTTcGTtCAGACATTTGTGAATTTCAATTATTGTACTGGCATCCTGGGCTCTCAAAGT,102
136,Hs337dupe5,337,dupe5,AAACCACAGATAATATATGGGGCACGAGGGACAAGATACCAaACcTTcGTtAAcCAGACATTTGTGAATTTCAATTATTGTACTGGCATCCTGGGCTCTCAAAGT,105
137,Hs337dupe6,337,dupe6,AAACCACAGATAATATATGGGGCACGAGGGACAAGATACCAaACcTTcGTtAAcTTtCAGACATTTGTGAATTTCAATTATTGTACTGGCATCCTGGGCTCTCAAAGT,108
138,Hs337dupe7,337,dupe7,AAACCACAGATAATATATGGGGCACGAGGGACAAGATACCAaACcTTcGTtAAcTTtAAcCAGACATTTGTGAATTTCAATTATTGTACTGGCATCCTGGGCTCTCAAAGT,111
139,Hs337dupe8,337,dupe8,AAACCACAGATAATATATGGGGCACGAGGGACAAGATACCAaACcTTcGTtAAcTTtAAcTAcCAGACATTTGTGAATTTCAATTATTGTACTGGCATCCTGGGCTCTCAAAGT,114
140,Hs337dupe9,337,dupe9,AAACCACAGATAATATATGGGGCACGAGGGACAAGATACCAaACcTTcGTtAAcTTtAAcTAcTGcCAGACATTTGTGAATTTCAATTATTGTACTGGCATCCTGGGCTCTCAAAGT,117
141,Hs338dupe1,338,dupe1,AAACCACAGATAATATATGGGGCACGAGGGACAAGATACCAGACcACATTTGTGAATTTCAATTATTGTACTGGCATCCTGGGCTCTCAAAGT,93
142,Hs338dupe2,338,dupe2,AAACCACAGATAATATATGGGGCACGAGGGACAAGATACCAGACcTTcACATTTGTGAATTTCAATTATTGTACTGGCATCCTGGGCTCTCAAAGT,96
143,Hs338dupe3,338,dupe3,AAACCACAGATAATATATGGGGCACGAGGGACAAGATACCAGACcTTcGTtACATTTGTGAATTTCAATTATTGTACTGGCATCCTGGGCTCTCAAAGT,99
144,Hs338dupe4,338,dupe4,AAACCACAGATAATATATGGGGCACGAGGGACAAGATACCAGACcTTcGTtAAcACATTTGTGAATTTCAATTATTGTACTGGCATCCTGGGCTCTCAAAGT,102
145,Hs338dupe5,338,dupe5,AAACCACAGATAATATATGGGGCACGAGGGACAAGATACCAGACcTTcGTtAAcTTtACATTTGTGAATTTCAATTATTGTACTGGCATCCTGGGCTCTCAAAGT,105
146,Hs338dupe6,338,dupe6,AAACCACAGATAATATATGGGGCACGAGGGACAAGATACCAGACcTTcGTtAAcTTtAAcACATTTGTGAATTTCAATTATTGTACTGGCATCCTGGGCTCTCAAAGT,108
147,Hs338dupe7,338,dupe7,AAACCACAGATAATATATGGGGCACGAGGGACAAGATACCAGACcTTcGTtAAcTTtAAcTAcACATTTGTGAATTTCAATTATTGTACTGGCATCCTGGGCTCTCAAAGT,111
148,Hs338dupe8,338,dupe8,AAACCACAGATAATATATGGGGCACGAGGGACAAGATACCAGACcTTcGTtAAcTTtAAcTAcTGcACATTTGTGAATTTCAATTATTGTACTGGCATCCTGGGCTCTCAAAGT,114
149,Hs338dupe9,338,dupe9,AAACCACAGATAATATATGGGGCACGAGGGACAAGATACCAGACcTTcGTtAAcTTtAAcTAcTGcACcACATTTGTGAATTTCAATTATTGTACTGGCATCCTGGGCTCTCAAAGT,117
150,Hs339dupe1,339,dupe1,AAACCACAGATAATATATGGGGCACGAGGGACAAGATACCAGACATTcTTTGTGAATTTCAATTATTGTACTGGCATCCTGGGCTCTCAAAGT,93
151,Hs339dupe2,339,dupe2,AAACCACAGATAATATATGGGGCACGAGGGACAAGATACCAGACATTcGTtTTTGTGAATTTCAATTATTGTACTGGCATCCTGGGCTCTCAAAGT,96
152,Hs339dupe3,339,dupe3,AAACCACAGATAATATATGGGGCACGAGGGACAAGATACCAGACATTcGTtAAcTTTGTGAATTTCAATTATTGTACTGGCATCCTGGGCTCTCAAAGT,99
153,Hs339dupe4,339,dupe4,AAACCACAGATAATATATGGGGCACGAGGGACAAGATACCAGACATTcGTtAAcTTtTTTGTGAATTTCAATTATTGTACTGGCATCCTGGGCTCTCAAAGT,102
154,Hs339dupe5,339,dupe5,AAACCACAGATAATATATGGGGCACGAGGGACAAGATACCAGACATTcGTtAAcTTtAAcTTTGTGAATTTCAATTATTGTACTGGCATCCTGGGCTCTCAAAGT,105
155,Hs339dupe6,339,dupe6,AAACCACAGATAATATATGGGGCACGAGGGACAAGATACCAGACATTcGTtAAcTTtAAcTAcTTTGTGAATTTCAATTATTGTACTGGCATCCTGGGCTCTCAAAGT,108
156,Hs339dupe7,339,dupe7,AAACCACAGATAATATATGGGGCACGAGGGACAAGATACCAGACATTcGTtAAcTTtAAcTAcTGcTTTGTGAATTTCAATTATTGTACTGGCATCCTGGGCTCTCAAAGT,111
157,Hs339dupe8,339,dupe8,AAACCACAGATAATATATGGGGCACGAGGGACAAGATACCAGACATTcGTtAAcTTtAAcTAcTGcACcTTTGTGAATTTCAATTATTGTACTGGCATCCTGGGCTCTCAAAGT,114
158,Hs339dupe9,339,dupe9,AAACCACAGATAATATATGGGGCACGAGGGACAAGATACCAGACATTcGTtAAcTTtAAcTAcTGcACcGGtTTTGTGAATTTCAATTATTGTACTGGCATCCTGGGCTCTCAAAGT,117
159,Hs340dupe1,340,dupe1,AAACCACAGATAATATATGGGGCACGAGGGACAAGATACCAGACATTTGTtGTGAATTTCAATTATTGTACTGGCATCCTGGGCTCTCAAAGT,93
160,Hs340dupe2,340,dupe2,AAACCACAGATAATATATGGGGCACGAGGGACAAGATACCAGACATTTGTtAAcGTGAATTTCAATTATTGTACTGGCATCCTGGGCTCTCAAAGT,96
161,Hs340dupe3,340,dupe3,AAACCACAGATAATATATGGGGCACGAGGGACAAGATACCAGACATTTGTtAAcTTtGTGAATTTCAATTATTGTACTGGCATCCTGGGCTCTCAAAGT,99
162,Hs340dupe4,340,dupe4,AAACCACAGATAATATATGGGGCACGAGGGACAAGATACCAGACATTTGTtAAcTTtAAcGTGAATTTCAATTATTGTACTGGCATCCTGGGCTCTCAAAGT,102
163,Hs340dupe5,340,dupe5,AAACCACAGATAATATATGGGGCACGAGGGACAAGATACCAGACATTTGTtAAcTTtAAcTAcGTGAATTTCAATTATTGTACTGGCATCCTGGGCTCTCAAAGT,105
164,Hs340dupe6,340,dupe6,AAACCACAGATAATATATGGGGCACGAGGGACAAGATACCAGACATTTGTtAAcTTtAAcTAcTGcGTGAATTTCAATTATTGTACTGGCATCCTGGGCTCTCAAAGT,108
165,Hs340dupe7,340,dupe7,AAACCACAGATAATATATGGGGCACGAGGGACAAGATACCAGACATTTGTtAAcTTtAAcTAcTGcACcGTGAATTTCAATTATTGTACTGGCATCCTGGGCTCTCAAAGT,111
166,Hs340dupe8,340,dupe8,AAACCACAGATAATATATGGGGCACGAGGGACAAGATACCAGACATTTGTtAAcTTtAAcTAcTGcACcGGtGTGAATTTCAATTATTGTACTGGCATCCTGGGCTCTCAAAGT,114
167,Hs340dupe9,340,dupe9,AAACCACAGATAATATATGGGGCACGAGGGACAAGATACCAGACATTTGTtAAcTTtAAcTAcTGcACcGGtATtGTGAATTTCAATTATTGTACTGGCATCCTGGGCTCTCAAAGT,117
168,Hs341dupe1,341,dupe1,AAACCACAGATAATATATGGGGCACGAGGGACAAGATACCAGACATTTGTGAAcAATTTCAATTATTGTACTGGCATCCTGGGCTCTCAAAGT,93
169,Hs341dupe2,341,dupe2,AAACCACAGATAATATATGGGGCACGAGGGACAAGATACCAGACATTTGTGAAcTTtAATTTCAATTATTGTACTGGCATCCTGGGCTCTCAAAGT,96
170,Hs341dupe3,341,dupe3,AAACCACAGATAATATATGGGGCACGAGGGACAAGATACCAGACATTTGTGAAcTTtAAcAATTTCAATTATTGTACTGGCATCCTGGGCTCTCAAAGT,99
171,Hs341dupe4,341,dupe4,AAACCACAGATAATATATGGGGCACGAGGGACAAGATACCAGACATTTGTGAAcTTtAAcTAcAATTTCAATTATTGTACTGGCATCCTGGGCTCTCAAAGT,102
172,Hs341dupe5,341,dupe5,AAACCACAGATAATATATGGGGCACGAGGGACAAGATACCAGACATTTGTGAAcTTtAAcTAcTGcAATTTCAATTATTGTACTGGCATCCTGGGCTCTCAAAGT,105
173,Hs341dupe6,341,dupe6,AAACCACAGATAATATATGGGGCACGAGGGACAAGATACCAGACATTTGTGAAcTTtAAcTAcTGcACcAATTTCAATTATTGTACTGGCATCCTGGGCTCTCAAAGT,108
174,Hs341dupe7,341,dupe7,AAACCACAGATAATATATGGGGCACGAGGGACAAGATACCAGACATTTGTGAAcTTtAAcTAcTGcACcGGtAATTTCAATTATTGTACTGGCATCCTGGGCTCTCAAAGT,111
175,Hs341dupe8,341,dupe8,AAACCACAGATAATATATGGGGCACGAGGGACAAGATACCAGACATTTGTGAAcTTtAAcTAcTGcACcGGtATtAATTTCAATTATTGTACTGGCATCCTGGGCTCTCAAAGT,114
176,Hs341dupe9,341,dupe9,AAACCACAGATAATATATGGGGCACGAGGGACAAGATACCAGACATTTGTGAAcTTtAAcTAcTGcACcGGtATttTaAATTTCAATTATTGTACTGGCATCCTGGGCTCTCAAAGT,117
177,Hs342dupe1,342,dupe1,AAACCACAGATAATATATGGGGCACGAGGGACAAGATACCAGACATTTGTGAATTTtTTCAATTATTGTACTGGCATCCTGGGCTCTCAAAGT,93
178,Hs342dupe2,342,dupe2,AAACCACAGATAATATATGGGGCACGAGGGACAAGATACCAGACATTTGTGAATTTtAAcTTCAATTATTGTACTGGCATCCTGGGCTCTCAAAGT,96
179,Hs342dupe3,342,dupe3,AAACCACAGATAATATATGGGGCACGAGGGACAAGATACCAGACATTTGTGAATTTtAAcTAcTTCAATTATTGTACTGGCATCCTGGGCTCTCAAAGT,99
180,Hs342dupe4,342,dupe4,AAACCACAGATAATATATGGGGCACGAGGGACAAGATACCAGACATTTGTGAATTTtAAcTAcTGcTTCAATTATTGTACTGGCATCCTGGGCTCTCAAAGT,102
181,Hs342dupe5,342,dupe5,AAACCACAGATAATATATGGGGCACGAGGGACAAGATACCAGACATTTGTGAATTTtAAcTAcTGcACcTTCAATTATTGTACTGGCATCCTGGGCTCTCAAAGT,105
182,Hs342dupe6,342,dupe6,AAACCACAGATAATATATGGGGCACGAGGGACAAGATACCAGACATTTGTGAATTTtAAcTAcTGcACcGGtTTCAATTATTGTACTGGCATCCTGGGCTCTCAAAGT,108
183,Hs342dupe7,342,dupe7,AAACCACAGATAATATATGGGGCACGAGGGACAAGATACCAGACATTTGTGAATTTtAAcTAcTGcACcGGtATtTTCAATTATTGTACTGGCATCCTGGGCTCTCAAAGT,111
184,Hs342dupe8,342,dupe8,AAACCACAGATAATATATGGGGCACGAGGGACAAGATACCAGACATTTGTGAATTTtAAcTAcTGcACcGGtATttTaTTCAATTATTGTACTGGCATCCTGGGCTCTCAAAGT,114
185,Hs342dupe9,342,dupe9,AAACCACAGATAATATATGGGGCACGAGGGACAAGATACCAGACATTTGTGAATTTtAAcTAcTGcACcGGtATttTaGGtTTCAATTATTGTACTGGCATCCTGGGCTCTCAAAGT,117
186,Hs343dupe1,343,dupe1,AAACCACAGATAATATATGGGGCACGAGGGACAAGATACCAGACATTTGTGAATTTCAAcAATTATTGTACTGGCATCCTGGGCTCTCAAAGT,93
187,Hs343dupe2,343,dupe2,AAACCACAGATAATATATGGGGCACGAGGGACAAGATACCAGACATTTGTGAATTTCAAcTAcAATTATTGTACTGGCATCCTGGGCTCTCAAAGT,96
188,Hs343dupe3,343,dupe3,AAACCACAGATAATATATGGGGCACGAGGGACAAGATACCAGACATTTGTGAATTTCAAcTAcTGcAATTATTGTACTGGCATCCTGGGCTCTCAAAGT,99
189,Hs343dupe4,343,dupe4,AAACCACAGATAATATATGGGGCACGAGGGACAAGATACCAGACATTTGTGAATTTCAAcTAcTGcACcAATTATTGTACTGGCATCCTGGGCTCTCAAAGT,102
190,Hs343dupe5,343,dupe5,AAACCACAGATAATATATGGGGCACGAGGGACAAGATACCAGACATTTGTGAATTTCAAcTAcTGcACcGGtAATTATTGTACTGGCATCCTGGGCTCTCAAAGT,105
191,Hs343dupe6,343,dupe6,AAACCACAGATAATATATGGGGCACGAGGGACAAGATACCAGACATTTGTGAATTTCAAcTAcTGcACcGGtATtAATTATTGTACTGGCATCCTGGGCTCTCAAAGT,108
192,Hs343dupe7,343,dupe7,AAACCACAGATAATATATGGGGCACGAGGGACAAGATACCAGACATTTGTGAATTTCAAcTAcTGcACcGGtATttTaAATTATTGTACTGGCATCCTGGGCTCTCAAAGT,111
193,Hs343dupe8,343,dupe8,AAACCACAGATAATATATGGGGCACGAGGGACAAGATACCAGACATTTGTGAATTTCAAcTAcTGcACcGGtATttTaGGtAATTATTGTACTGGCATCCTGGGCTCTCAAAGT,114
194,Hs343dupe9,343,dupe9,AAACCACAGATAATATATGGGGCACGAGGGACAAGATACCAGACATTTGTGAATTTCAAcTAcTGcACcGGtATttTaGGtagcAATTATTGTACTGGCATCCTGGGCTCTCAAAGT,117
195,Hs344dupe1,344,dupe1,AAACCACAGATAATATATGGGGCACGAGGGACAAGATACCAGACATTTGTGAATTTCAATTAcTATTGTACTGGCATCCTGGGCTCTCAAAGT,93
196,Hs344dupe2,344,dupe2,AAACCACAGATAATATATGGGGCACGAGGGACAAGATACCAGACATTTGTGAATTTCAATTAcTGcTATTGTACTGGCATCCTGGGCTCTCAAAGT,96
197,Hs344dupe3,344,dupe3,AAACCACAGATAATATATGGGGCACGAGGGACAAGATACCAGACATTTGTGAATTTCAATTAcTGcACcTATTGTACTGGCATCCTGGGCTCTCAAAGT,99
198,Hs344dupe4,344,dupe4,AAACCACAGATAATATATGGGGCACGAGGGACAAGATACCAGACATTTGTGAATTTCAATTAcTGcACcGGtTATTGTACTGGCATCCTGGGCTCTCAAAGT,102
199,Hs344dupe5,344,dupe5,AAACCACAGATAATATATGGGGCACGAGGGACAAGATACCAGACATTTGTGAATTTCAATTAcTGcACcGGtATtTATTGTACTGGCATCCTGGGCTCTCAAAGT,105
200,Hs344dupe6,344,dupe6,AAACCACAGATAATATATGGGGCACGAGGGACAAGATACCAGACATTTGTGAATTTCAATTAcTGcACcGGtATttTaTATTGTACTGGCATCCTGGGCTCTCAAAGT,108
201,Hs344dupe7,344,dupe7,AAACCACAGATAATATATGGGGCACGAGGGACAAGATACCAGACATTTGTGAATTTCAATTAcTGcACcGGtATttTaGGtTATTGTACTGGCATCCTGGGCTCTCAAAGT,111
202,Hs344dupe8,344,dupe8,AAACCACAGATAATATATGGGGCACGAGGGACAAGATACCAGACATTTGTGAATTTCAATTAcTGcACcGGtATttTaGGtagcTATTGTACTGGCATCCTGGGCTCTCAAAGT,114
203,Hs344dupe9,344,dupe9,AAACCACAGATAATATATGGGGCACGAGGGACAAGATACCAGACATTTGTGAATTTCAATTAcTGcACcGGtATttTaGGtagcCAgTATTGTACTGGCATCCTGGGCTCTCAAAGT,117
204,Hs345dupe1,345,dupe1,AAACCACAGATAATATATGGGGCACGAGGGACAAGATACCAGACATTTGTGAATTTCAATTATTGcTGTACTGGCATCCTGGGCTCTCAAAGT,93
205,Hs345dupe2,345,dupe2,AAACCACAGATAATATATGGGGCACGAGGGACAAGATACCAGACATTTGTGAATTTCAATTATTGcACcTGTACTGGCATCCTGGGCTCTCAAAGT,96
206,Hs345dupe3,345,dupe3,AAACCACAGATAATATATGGGGCACGAGGGACAAGATACCAGACATTTGTGAATTTCAATTATTGcACcGGtTGTACTGGCATCCTGGGCTCTCAAAGT,99
207,Hs345dupe4,345,dupe4,AAACCACAGATAATATATGGGGCACGAGGGACAAGATACCAGACATTTGTGAATTTCAATTATTGcACcGGtATtTGTACTGGCATCCTGGGCTCTCAAAGT,102
208,Hs345dupe5,345,dupe5,AAACCACAGATAATATATGGGGCACGAGGGACAAGATACCAGACATTTGTGAATTTCAATTATTGcACcGGtATttTaTGTACTGGCATCCTGGGCTCTCAAAGT,105
209,Hs345dupe6,345,dupe6,AAACCACAGATAATATATGGGGCACGAGGGACAAGATACCAGACATTTGTGAATTTCAATTATTGcACcGGtATttTaGGtTGTACTGGCATCCTGGGCTCTCAAAGT,108
210,Hs345dupe7,345,dupe7,AAACCACAGATAATATATGGGGCACGAGGGACAAGATACCAGACATTTGTGAATTTCAATTATTGcACcGGtATttTaGGtagcTGTACTGGCATCCTGGGCTCTCAAAGT,111
211,Hs345dupe8,345,dupe8,AAACCACAGATAATATATGGGGCACGAGGGACAAGATACCAGACATTTGTGAATTTCAATTATTGcACcGGtATttTaGGtagcCAgTGTACTGGCATCCTGGGCTCTCAAAGT,114
212,Hs345dupe9,345,dupe9,AAACCACAGATAATATATGGGGCACGAGGGACAAGATACCAGACATTTGTGAATTTCAATTATTGcACcGGtATttTaGGtagcCAgtcTTGTACTGGCATCCTGGGCTCTCAAAGT,117
213,Hs324del1,324,del1,CCACAGATAATATATGGGGCACGAGGGACAAGATACCAGACATTTGTGAATTTCAATTATTGTACTGGCATCCTGGGCTCTCAAAGT,87
214,Hs324del2,324,del2,CAGATAATATATGGGGCACGAGGGACAAGATACCAGACATTTGTGAATTTCAATTATTGTACTGGCATCCTGGGCTCTCAAAGT,84
215,Hs324del3,324,del3,ATAATATATGGGGCACGAGGGACAAGATACCAGACATTTGTGAATTTCAATTATTGTACTGGCATCCTGGGCTCTCAAAGT,81
216,Hs324del4,324,del4,ATATATGGGGCACGAGGGACAAGATACCAGACATTTGTGAATTTCAATTATTGTACTGGCATCCTGGGCTCTCAAAGT,78
217,Hs324del5,324,del5,TATGGGGCACGAGGGACAAGATACCAGACATTTGTGAATTTCAATTATTGTACTGGCATCCTGGGCTCTCAAAGT,75
218,Hs324del6,324,del6,GGGGCACGAGGGACAAGATACCAGACATTTGTGAATTTCAATTATTGTACTGGCATCCTGGGCTCTCAAAGT,72
219,Hs324del7,324,del7,GCACGAGGGACAAGATACCAGACATTTGTGAATTTCAATTATTGTACTGGCATCCTGGGCTCTCAAAGT,69
220,Hs324del8,324,del8,CGAGGGACAAGATACCAGACATTTGTGAATTTCAATTATTGTACTGGCATCCTGGGCTCTCAAAGT,66
221,Hs324del9,324,del9,GGGACAAGATACCAGACATTTGTGAATTTCAATTATTGTACTGGCATCCTGGGCTCTCAAAGT,63
222,Hs325del1,325,del1,AAACAGATAATATATGGGGCACGAGGGACAAGATACCAGACATTTGTGAATTTCAATTATTGTACTGGCATCCTGGGCTCTCAAAGT,87
223,Hs325del2,325,del2,AAAATAATATATGGGGCACGAGGGACAAGATACCAGACATTTGTGAATTTCAATTATTGTACTGGCATCCTGGGCTCTCAAAGT,84
224,Hs325del3,325,del3,AAAATATATGGGGCACGAGGGACAAGATACCAGACATTTGTGAATTTCAATTATTGTACTGGCATCCTGGGCTCTCAAAGT,81
225,Hs325del4,325,del4,AAATATGGGGCACGAGGGACAAGATACCAGACATTTGTGAATTTCAATTATTGTACTGGCATCCTGGGCTCTCAAAGT,78
226,Hs325del5,325,del5,AAAGGGGCACGAGGGACAAGATACCAGACATTTGTGAATTTCAATTATTGTACTGGCATCCTGGGCTCTCAAAGT,75
227,Hs325del6,325,del6,AAAGCACGAGGGACAAGATACCAGACATTTGTGAATTTCAATTATTGTACTGGCATCCTGGGCTCTCAAAGT,72
228,Hs325del7,325,del7,AAACGAGGGACAAGATACCAGACATTTGTGAATTTCAATTATTGTACTGGCATCCTGGGCTCTCAAAGT,69
229,Hs325del8,325,del8,AAAGGGACAAGATACCAGACATTTGTGAATTTCAATTATTGTACTGGCATCCTGGGCTCTCAAAGT,66
230,Hs325del9,325,del9,AAAACAAGATACCAGACATTTGTGAATTTCAATTATTGTACTGGCATCCTGGGCTCTCAAAGT,63
231,Hs326del1,326,del1,AAACCAATAATATATGGGGCACGAGGGACAAGATACCAGACATTTGTGAATTTCAATTATTGTACTGGCATCCTGGGCTCTCAAAGT,87
232,Hs326del2,326,del2,AAACCAATATATGGGGCACGAGGGACAAGATACCAGACATTTGTGAATTTCAATTATTGTACTGGCATCCTGGGCTCTCAAAGT,84
233,Hs326del3,326,del3,AAACCATATGGGGCACGAGGGACAAGATACCAGACATTTGTGAATTTCAATTATTGTACTGGCATCCTGGGCTCTCAAAGT,81
234,Hs326del4,326,del4,AAACCAGGGGCACGAGGGACAAGATACCAGACATTTGTGAATTTCAATTATTGTACTGGCATCCTGGGCTCTCAAAGT,78
235,Hs326del5,326,del5,AAACCAGCACGAGGGACAAGATACCAGACATTTGTGAATTTCAATTATTGTACTGGCATCCTGGGCTCTCAAAGT,75
236,Hs326del6,326,del6,AAACCACGAGGGACAAGATACCAGACATTTGTGAATTTCAATTATTGTACTGGCATCCTGGGCTCTCAAAGT,72
237,Hs326del7,326,del7,AAACCAGGGACAAGATACCAGACATTTGTGAATTTCAATTATTGTACTGGCATCCTGGGCTCTCAAAGT,69
238,Hs326del8,326,del8,AAACCAACAAGATACCAGACATTTGTGAATTTCAATTATTGTACTGGCATCCTGGGCTCTCAAAGT,66
239,Hs326del9,326,del9,AAACCAAGATACCAGACATTTGTGAATTTCAATTATTGTACTGGCATCCTGGGCTCTCAAAGT,63
240,Hs327del1,327,del1,AAACCACAGATATATGGGGCACGAGGGACAAGATACCAGACATTTGTGAATTTCAATTATTGTACTGGCATCCTGGGCTCTCAAAGT,87
241,Hs327del2,327,del2,AAACCACAGTATGGGGCACGAGGGACAAGATACCAGACATTTGTGAATTTCAATTATTGTACTGGCATCCTGGGCTCTCAAAGT,84
242,Hs327del3,327,del3,AAACCACAGGGGGCACGAGGGACAAGATACCAGACATTTGTGAATTTCAATTATTGTACTGGCATCCTGGGCTCTCAAAGT,81
243,Hs327del4,327,del4,AAACCACAGGCACGAGGGACAAGATACCAGACATTTGTGAATTTCAATTATTGTACTGGCATCCTGGGCTCTCAAAGT,78
244,Hs327del5,327,del5,AAACCACAGCGAGGGACAAGATACCAGACATTTGTGAATTTCAATTATTGTACTGGCATCCTGGGCTCTCAAAGT,75
245,Hs327del6,327,del6,AAACCACAGGGGACAAGATACCAGACATTTGTGAATTTCAATTATTGTACTGGCATCCTGGGCTCTCAAAGT,72
246,Hs327del7,327,del7,AAACCACAGACAAGATACCAGACATTTGTGAATTTCAATTATTGTACTGGCATCCTGGGCTCTCAAAGT,69
247,Hs327del8,327,del8,AAACCACAGAGATACCAGACATTTGTGAATTTCAATTATTGTACTGGCATCCTGGGCTCTCAAAGT,66
248,Hs327del9,327,del9,AAACCACAGTACCAGACATTTGTGAATTTCAATTATTGTACTGGCATCCTGGGCTCTCAAAGT,63
249,Hs328del1,328,del1,AAACCACAGATATATGGGGCACGAGGGACAAGATACCAGACATTTGTGAATTTCAATTATTGTACTGGCATCCTGGGCTCTCAAAGT,87
250,Hs328del2,328,del2,AAACCACAGATAGGGGCACGAGGGACAAGATACCAGACATTTGTGAATTTCAATTATTGTACTGGCATCCTGGGCTCTCAAAGT,84
251,Hs328del3,328,del3,AAACCACAGATAGCACGAGGGACAAGATACCAGACATTTGTGAATTTCAATTATTGTACTGGCATCCTGGGCTCTCAAAGT,81
252,Hs328del4,328,del4,AAACCACAGATACGAGGGACAAGATACCAGACATTTGTGAATTTCAATTATTGTACTGGCATCCTGGGCTCTCAAAGT,78
253,Hs328del5,328,del5,AAACCACAGATAGGGACAAGATACCAGACATTTGTGAATTTCAATTATTGTACTGGCATCCTGGGCTCTCAAAGT,75
254,Hs328del6,328,del6,AAACCACAGATAACAAGATACCAGACATTTGTGAATTTCAATTATTGTACTGGCATCCTGGGCTCTCAAAGT,72
255,Hs328del7,328,del7,AAACCACAGATAAGATACCAGACATTTGTGAATTTCAATTATTGTACTGGCATCCTGGGCTCTCAAAGT,69
256,Hs328del8,328,del8,AAACCACAGATATACCAGACATTTGTGAATTTCAATTATTGTACTGGCATCCTGGGCTCTCAAAGT,66
257,Hs328del9,328,del9,AAACCACAGATACAGACATTTGTGAATTTCAATTATTGTACTGGCATCCTGGGCTCTCAAAGT,63
258,Hs329del1,329,del1,AAACCACAGATAATAGGGGCACGAGGGACAAGATACCAGACATTTGTGAATTTCAATTATTGTACTGGCATCCTGGGCTCTCAAAGT,87
259,Hs329del2,329,del2,AAACCACAGATAATAGCACGAGGGACAAGATACCAGACATTTGTGAATTTCAATTATTGTACTGGCATCCTGGGCTCTCAAAGT,84
260,Hs329del3,329,del3,AAACCACAGATAATACGAGGGACAAGATACCAGACATTTGTGAATTTCAATTATTGTACTGGCATCCTGGGCTCTCAAAGT,81
261,Hs329del4,329,del4,AAACCACAGATAATAGGGACAAGATACCAGACATTTGTGAATTTCAATTATTGTACTGGCATCCTGGGCTCTCAAAGT,78
262,Hs329del5,329,del5,AAACCACAGATAATAACAAGATACCAGACATTTGTGAATTTCAATTATTGTACTGGCATCCTGGGCTCTCAAAGT,75
263,Hs329del6,329,del6,AAACCACAGATAATAAGATACCAGACATTTGTGAATTTCAATTATTGTACTGGCATCCTGGGCTCTCAAAGT,72
264,Hs329del7,329,del7,AAACCACAGATAATATACCAGACATTTGTGAATTTCAATTATTGTACTGGCATCCTGGGCTCTCAAAGT,69
265,Hs329del8,329,del8,AAACCACAGATAATACAGACATTTGTGAATTTCAATTATTGTACTGGCATCCTGGGCTCTCAAAGT,66
266,Hs329del9,329,del9,AAACCACAGATAATAACATTTGTGAATTTCAATTATTGTACTGGCATCCTGGGCTCTCAAAGT,63
267,Hs330del1,330,del1,AAACCACAGATAATATATGCACGAGGGACAAGATACCAGACATTTGTGAATTTCAATTATTGTACTGGCATCCTGGGCTCTCAAAGT,87
268,Hs330del2,330,del2,AAACCACAGATAATATATCGAGGGACAAGATACCAGACATTTGTGAATTTCAATTATTGTACTGGCATCCTGGGCTCTCAAAGT,84
269,Hs330del3,330,del3,AAACCACAGATAATATATGGGACAAGATACCAGACATTTGTGAATTTCAATTATTGTACTGGCATCCTGGGCTCTCAAAGT,81
270,Hs330del4,330,del4,AAACCACAGATAATATATACAAGATACCAGACATTTGTGAATTTCAATTATTGTACTGGCATCCTGGGCTCTCAAAGT,78
271,Hs330del5,330,del5,AAACCACAGATAATATATAGATACCAGACATTTGTGAATTTCAATTATTGTACTGGCATCCTGGGCTCTCAAAGT,75
272,Hs330del6,330,del6,AAACCACAGATAATATATTACCAGACATTTGTGAATTTCAATTATTGTACTGGCATCCTGGGCTCTCAAAGT,72
273,Hs330del7,330,del7,AAACCACAGATAATATATCAGACATTTGTGAATTTCAATTATTGTACTGGCATCCTGGGCTCTCAAAGT,69
274,Hs330del8,330,del8,AAACCACAGATAATATATACATTTGTGAATTTCAATTATTGTACTGGCATCCTGGGCTCTCAAAGT,66
275,Hs330del9,330,del9,AAACCACAGATAATATATTTTGTGAATTTCAATTATTGTACTGGCATCCTGGGCTCTCAAAGT,63
276,Hs331del1,331,del1,AAACCACAGATAATATATGGGCGAGGGACAAGATACCAGACATTTGTGAATTTCAATTATTGTACTGGCATCCTGGGCTCTCAAAGT,87
277,Hs331del2,331,del2,AAACCACAGATAATATATGGGGGGACAAGATACCAGACATTTGTGAATTTCAATTATTGTACTGGCATCCTGGGCTCTCAAAGT,84
278,Hs331del3,331,del3,AAACCACAGATAATATATGGGACAAGATACCAGACATTTGTGAATTTCAATTATTGTACTGGCATCCTGGGCTCTCAAAGT,81
279,Hs331del4,331,del4,AAACCACAGATAATATATGGGAGATACCAGACATTTGTGAATTTCAATTATTGTACTGGCATCCTGGGCTCTCAAAGT,78
280,Hs331del5,331,del5,AAACCACAGATAATATATGGGTACCAGACATTTGTGAATTTCAATTATTGTACTGGCATCCTGGGCTCTCAAAGT,75
281,Hs331del6,331,del6,AAACCACAGATAATATATGGGCAGACATTTGTGAATTTCAATTATTGTACTGGCATCCTGGGCTCTCAAAGT,72
282,Hs331del7,331,del7,AAACCACAGATAATATATGGGACATTTGTGAATTTCAATTATTGTACTGGCATCCTGGGCTCTCAAAGT,69
283,Hs331del8,331,del8,AAACCACAGATAATATATGGGTTTGTGAATTTCAATTATTGTACTGGCATCCTGGGCTCTCAAAGT,66
284,Hs331del9,331,del9,AAACCACAGATAATATATGGGGTGAATTTCAATTATTGTACTGGCATCCTGGGCTCTCAAAGT,63
285,Hs332del1,332,del1,AAACCACAGATAATATATGGGGCAGGGACAAGATACCAGACATTTGTGAATTTCAATTATTGTACTGGCATCCTGGGCTCTCAAAGT,87
286,Hs332del2,332,del2,AAACCACAGATAATATATGGGGCAACAAGATACCAGACATTTGTGAATTTCAATTATTGTACTGGCATCCTGGGCTCTCAAAGT,84
287,Hs332del3,332,del3,AAACCACAGATAATATATGGGGCAAGATACCAGACATTTGTGAATTTCAATTATTGTACTGGCATCCTGGGCTCTCAAAGT,81
288,Hs332del4,332,del4,AAACCACAGATAATATATGGGGCATACCAGACATTTGTGAATTTCAATTATTGTACTGGCATCCTGGGCTCTCAAAGT,78
289,Hs332del5,332,del5,AAACCACAGATAATATATGGGGCACAGACATTTGTGAATTTCAATTATTGTACTGGCATCCTGGGCTCTCAAAGT,75
290,Hs332del6,332,del6,AAACCACAGATAATATATGGGGCAACATTTGTGAATTTCAATTATTGTACTGGCATCCTGGGCTCTCAAAGT,72
291,Hs332del7,332,del7,AAACCACAGATAATATATGGGGCATTTGTGAATTTCAATTATTGTACTGGCATCCTGGGCTCTCAAAGT,69
292,Hs332del8,332,del8,AAACCACAGATAATATATGGGGCAGTGAATTTCAATTATTGTACTGGCATCCTGGGCTCTCAAAGT,66
293,Hs332del9,332,del9,AAACCACAGATAATATATGGGGCAAATTTCAATTATTGTACTGGCATCCTGGGCTCTCAAAGT,63
294,Hs333del1,333,del1,AAACCACAGATAATATATGGGGCACGAACAAGATACCAGACATTTGTGAATTTCAATTATTGTACTGGCATCCTGGGCTCTCAAAGT,87
295,Hs333del2,333,del2,AAACCACAGATAATATATGGGGCACGAAGATACCAGACATTTGTGAATTTCAATTATTGTACTGGCATCCTGGGCTCTCAAAGT,84
296,Hs333del3,333,del3,AAACCACAGATAATATATGGGGCACGATACCAGACATTTGTGAATTTCAATTATTGTACTGGCATCCTGGGCTCTCAAAGT,81
297,Hs333del4,333,del4,AAACCACAGATAATATATGGGGCACGACAGACATTTGTGAATTTCAATTATTGTACTGGCATCCTGGGCTCTCAAAGT,78
298,Hs333del5,333,del5,AAACCACAGATAATATATGGGGCACGAACATTTGTGAATTTCAATTATTGTACTGGCATCCTGGGCTCTCAAAGT,75
299,Hs333del6,333,del6,AAACCACAGATAATATATGGGGCACGATTTGTGAATTTCAATTATTGTACTGGCATCCTGGGCTCTCAAAGT,72
300,Hs333del7,333,del7,AAACCACAGATAATATATGGGGCACGAGTGAATTTCAATTATTGTACTGGCATCCTGGGCTCTCAAAGT,69
301,Hs333del8,333,del8,AAACCACAGATAATATATGGGGCACGAAATTTCAATTATTGTACTGGCATCCTGGGCTCTCAAAGT,66
302,Hs333del9,333,del9,AAACCACAGATAATATATGGGGCACGATTCAATTATTGTACTGGCATCCTGGGCTCTCAAAGT,63
303,Hs334del1,334,del1,AAACCACAGATAATATATGGGGCACGAGGGAGATACCAGACATTTGTGAATTTCAATTATTGTACTGGCATCCTGGGCTCTCAAAGT,87
304,Hs334del2,334,del2,AAACCACAGATAATATATGGGGCACGAGGGTACCAGACATTTGTGAATTTCAATTATTGTACTGGCATCCTGGGCTCTCAAAGT,84
305,Hs334del3,334,del3,AAACCACAGATAATATATGGGGCACGAGGGCAGACATTTGTGAATTTCAATTATTGTACTGGCATCCTGGGCTCTCAAAGT,81
306,Hs334del4,334,del4,AAACCACAGATAATATATGGGGCACGAGGGACATTTGTGAATTTCAATTATTGTACTGGCATCCTGGGCTCTCAAAGT,78
307,Hs334del5,334,del5,AAACCACAGATAATATATGGGGCACGAGGGTTTGTGAATTTCAATTATTGTACTGGCATCCTGGGCTCTCAAAGT,75
308,Hs334del6,334,del6,AAACCACAGATAATATATGGGGCACGAGGGGTGAATTTCAATTATTGTACTGGCATCCTGGGCTCTCAAAGT,72
309,Hs334del7,334,del7,AAACCACAGATAATATATGGGGCACGAGGGAATTTCAATTATTGTACTGGCATCCTGGGCTCTCAAAGT,69
310,Hs334del8,334,del8,AAACCACAGATAATATATGGGGCACGAGGGTTCAATTATTGTACTGGCATCCTGGGCTCTCAAAGT,66
311,Hs334del9,334,del9,AAACCACAGATAATATATGGGGCACGAGGGAATTATTGTACTGGCATCCTGGGCTCTCAAAGT,63
312,Hs335del1,335,del1,AAACCACAGATAATATATGGGGCACGAGGGACATACCAGACATTTGTGAATTTCAATTATTGTACTGGCATCCTGGGCTCTCAAAGT,87
313,Hs335del2,335,del2,AAACCACAGATAATATATGGGGCACGAGGGACACAGACATTTGTGAATTTCAATTATTGTACTGGCATCCTGGGCTCTCAAAGT,84
314,Hs335del3,335,del3,AAACCACAGATAATATATGGGGCACGAGGGACAACATTTGTGAATTTCAATTATTGTACTGGCATCCTGGGCTCTCAAAGT,81
315,Hs335del4,335,del4,AAACCACAGATAATATATGGGGCACGAGGGACATTTGTGAATTTCAATTATTGTACTGGCATCCTGGGCTCTCAAAGT,78
316,Hs335del5,335,del5,AAACCACAGATAATATATGGGGCACGAGGGACAGTGAATTTCAATTATTGTACTGGCATCCTGGGCTCTCAAAGT,75
317,Hs335del6,335,del6,AAACCACAGATAATATATGGGGCACGAGGGACAAATTTCAATTATTGTACTGGCATCCTGGGCTCTCAAAGT,72
318,Hs335del7,335,del7,AAACCACAGATAATATATGGGGCACGAGGGACATTCAATTATTGTACTGGCATCCTGGGCTCTCAAAGT,69
319,Hs335del8,335,del8,AAACCACAGATAATATATGGGGCACGAGGGACAAATTATTGTACTGGCATCCTGGGCTCTCAAAGT,66
320,Hs335del9,335,del9,AAACCACAGATAATATATGGGGCACGAGGGACATATTGTACTGGCATCCTGGGCTCTCAAAGT,63
321,Hs336del1,336,del1,AAACCACAGATAATATATGGGGCACGAGGGACAAGACAGACATTTGTGAATTTCAATTATTGTACTGGCATCCTGGGCTCTCAAAGT,87
322,Hs336del2,336,del2,AAACCACAGATAATATATGGGGCACGAGGGACAAGAACATTTGTGAATTTCAATTATTGTACTGGCATCCTGGGCTCTCAAAGT,84
323,Hs336del3,336,del3,AAACCACAGATAATATATGGGGCACGAGGGACAAGATTTGTGAATTTCAATTATTGTACTGGCATCCTGGGCTCTCAAAGT,81
324,Hs336del4,336,del4,AAACCACAGATAATATATGGGGCACGAGGGACAAGAGTGAATTTCAATTATTGTACTGGCATCCTGGGCTCTCAAAGT,78
325,Hs336del5,336,del5,AAACCACAGATAATATATGGGGCACGAGGGACAAGAAATTTCAATTATTGTACTGGCATCCTGGGCTCTCAAAGT,75
326,Hs336del6,336,del6,AAACCACAGATAATATATGGGGCACGAGGGACAAGATTCAATTATTGTACTGGCATCCTGGGCTCTCAAAGT,72
327,Hs336del7,336,del7,AAACCACAGATAATATATGGGGCACGAGGGACAAGAAATTATTGTACTGGCATCCTGGGCTCTCAAAGT,69
328,Hs336del8,336,del8,AAACCACAGATAATATATGGGGCACGAGGGACAAGATATTGTACTGGCATCCTGGGCTCTCAAAGT,66
329,Hs336del9,336,del9,AAACCACAGATAATATATGGGGCACGAGGGACAAGATGTACTGGCATCCTGGGCTCTCAAAGT,63
330,Hs337del1,337,del1,AAACCACAGATAATATATGGGGCACGAGGGACAAGATACACATTTGTGAATTTCAATTATTGTACTGGCATCCTGGGCTCTCAAAGT,87
331,Hs337del2,337,del2,AAACCACAGATAATATATGGGGCACGAGGGACAAGATACTTTGTGAATTTCAATTATTGTACTGGCATCCTGGGCTCTCAAAGT,84
332,Hs337del3,337,del3,AAACCACAGATAATATATGGGGCACGAGGGACAAGATACGTGAATTTCAATTATTGTACTGGCATCCTGGGCTCTCAAAGT,81
333,Hs337del4,337,del4,AAACCACAGATAATATATGGGGCACGAGGGACAAGATACAATTTCAATTATTGTACTGGCATCCTGGGCTCTCAAAGT,78
334,Hs337del5,337,del5,AAACCACAGATAATATATGGGGCACGAGGGACAAGATACTTCAATTATTGTACTGGCATCCTGGGCTCTCAAAGT,75
335,Hs337del6,337,del6,AAACCACAGATAATATATGGGGCACGAGGGACAAGATACAATTATTGTACTGGCATCCTGGGCTCTCAAAGT,72
336,Hs337del7,337,del7,AAACCACAGATAATATATGGGGCACGAGGGACAAGATACTATTGTACTGGCATCCTGGGCTCTCAAAGT,69
337,Hs337del8,337,del8,AAACCACAGATAATATATGGGGCACGAGGGACAAGATACTGTACTGGCATCCTGGGCTCTCAAAGT,66
338,Hs337del9,337,del9,AAACCACAGATAATATATGGGGCACGAGGGACAAGATACACTGGCATCCTGGGCTCTCAAAGT,63
339,Hs338del1,338,del1,AAACCACAGATAATATATGGGGCACGAGGGACAAGATACCAGTTTGTGAATTTCAATTATTGTACTGGCATCCTGGGCTCTCAAAGT,87
340,Hs338del2,338,del2,AAACCACAGATAATATATGGGGCACGAGGGACAAGATACCAGGTGAATTTCAATTATTGTACTGGCATCCTGGGCTCTCAAAGT,84
341,Hs338del3,338,del3,AAACCACAGATAATATATGGGGCACGAGGGACAAGATACCAGAATTTCAATTATTGTACTGGCATCCTGGGCTCTCAAAGT,81
342,Hs338del4,338,del4,AAACCACAGATAATATATGGGGCACGAGGGACAAGATACCAGTTCAATTATTGTACTGGCATCCTGGGCTCTCAAAGT,78
343,Hs338del5,338,del5,AAACCACAGATAATATATGGGGCACGAGGGACAAGATACCAGAATTATTGTACTGGCATCCTGGGCTCTCAAAGT,75
344,Hs338del6,338,del6,AAACCACAGATAATATATGGGGCACGAGGGACAAGATACCAGTATTGTACTGGCATCCTGGGCTCTCAAAGT,72
345,Hs338del7,338,del7,AAACCACAGATAATATATGGGGCACGAGGGACAAGATACCAGTGTACTGGCATCCTGGGCTCTCAAAGT,69
346,Hs338del8,338,del8,AAACCACAGATAATATATGGGGCACGAGGGACAAGATACCAGACTGGCATCCTGGGCTCTCAAAGT,66
347,Hs338del9,338,del9,AAACCACAGATAATATATGGGGCACGAGGGACAAGATACCAGGGCATCCTGGGCTCTCAAAGT,63
348,Hs339del1,339,del1,AAACCACAGATAATATATGGGGCACGAGGGACAAGATACCAGACAGTGAATTTCAATTATTGTACTGGCATCCTGGGCTCTCAAAGT,87
349,Hs339del2,339,del2,AAACCACAGATAATATATGGGGCACGAGGGACAAGATACCAGACAAATTTCAATTATTGTACTGGCATCCTGGGCTCTCAAAGT,84
350,Hs339del3,339,del3,AAACCACAGATAATATATGGGGCACGAGGGACAAGATACCAGACATTCAATTATTGTACTGGCATCCTGGGCTCTCAAAGT,81
351,Hs339del4,339,del4,AAACCACAGATAATATATGGGGCACGAGGGACAAGATACCAGACAAATTATTGTACTGGCATCCTGGGCTCTCAAAGT,78
352,Hs339del5,339,del5,AAACCACAGATAATATATGGGGCACGAGGGACAAGATACCAGACATATTGTACTGGCATCCTGGGCTCTCAAAGT,75
353,Hs339del6,339,del6,AAACCACAGATAATATATGGGGCACGAGGGACAAGATACCAGACATGTACTGGCATCCTGGGCTCTCAAAGT,72
354,Hs339del7,339,del7,AAACCACAGATAATATATGGGGCACGAGGGACAAGATACCAGACAACTGGCATCCTGGGCTCTCAAAGT,69
355,Hs339del8,339,del8,AAACCACAGATAATATATGGGGCACGAGGGACAAGATACCAGACAGGCATCCTGGGCTCTCAAAGT,66
356,Hs339del9,339,del9,AAACCACAGATAATATATGGGGCACGAGGGACAAGATACCAGACAATCCTGGGCTCTCAAAGT,63
357,Hs340del1,340,del1,AAACCACAGATAATATATGGGGCACGAGGGACAAGATACCAGACATTTAATTTCAATTATTGTACTGGCATCCTGGGCTCTCAAAGT,87
358,Hs340del2,340,del2,AAACCACAGATAATATATGGGGCACGAGGGACAAGATACCAGACATTTTTCAATTATTGTACTGGCATCCTGGGCTCTCAAAGT,84
359,Hs340del3,340,del3,AAACCACAGATAATATATGGGGCACGAGGGACAAGATACCAGACATTTAATTATTGTACTGGCATCCTGGGCTCTCAAAGT,81
360,Hs340del4,340,del4,AAACCACAGATAATATATGGGGCACGAGGGACAAGATACCAGACATTTTATTGTACTGGCATCCTGGGCTCTCAAAGT,78
361,Hs340del5,340,del5,AAACCACAGATAATATATGGGGCACGAGGGACAAGATACCAGACATTTTGTACTGGCATCCTGGGCTCTCAAAGT,75
362,Hs340del6,340,del6,AAACCACAGATAATATATGGGGCACGAGGGACAAGATACCAGACATTTACTGGCATCCTGGGCTCTCAAAGT,72
363,Hs340del7,340,del7,AAACCACAGATAATATATGGGGCACGAGGGACAAGATACCAGACATTTGGCATCCTGGGCTCTCAAAGT,69
364,Hs340del8,340,del8,AAACCACAGATAATATATGGGGCACGAGGGACAAGATACCAGACATTTATCCTGGGCTCTCAAAGT,66
365,Hs340del9,340,del9,AAACCACAGATAATATATGGGGCACGAGGGACAAGATACCAGACATTTCTGGGCTCTCAAAGT,63
366,Hs341del1,341,del1,AAACCACAGATAATATATGGGGCACGAGGGACAAGATACCAGACATTTGTGTTCAATTATTGTACTGGCATCCTGGGCTCTCAAAGT,87
367,Hs341del2,341,del2,AAACCACAGATAATATATGGGGCACGAGGGACAAGATACCAGACATTTGTGAATTATTGTACTGGCATCCTGGGCTCTCAAAGT,84
368,Hs341del3,341,del3,AAACCACAGATAATATATGGGGCACGAGGGACAAGATACCAGACATTTGTGTATTGTACTGGCATCCTGGGCTCTCAAAGT,81
369,Hs341del4,341,del4,AAACCACAGATAATATATGGGGCACGAGGGACAAGATACCAGACATTTGTGTGTACTGGCATCCTGGGCTCTCAAAGT,78
370,Hs341del5,341,del5,AAACCACAGATAATATATGGGGCACGAGGGACAAGATACCAGACATTTGTGACTGGCATCCTGGGCTCTCAAAGT,75
371,Hs341del6,341,del6,AAACCACAGATAATATATGGGGCACGAGGGACAAGATACCAGACATTTGTGGGCATCCTGGGCTCTCAAAGT,72
372,Hs341del7,341,del7,AAACCACAGATAATATATGGGGCACGAGGGACAAGATACCAGACATTTGTGATCCTGGGCTCTCAAAGT,69
373,Hs341del8,341,del8,AAACCACAGATAATATATGGGGCACGAGGGACAAGATACCAGACATTTGTGCTGGGCTCTCAAAGT,66
374,Hs341del9,341,del9,AAACCACAGATAATATATGGGGCACGAGGGACAAGATACCAGACATTTGTGGGCTCTCAAAGT,63
375,Hs342del1,342,del1,AAACCACAGATAATATATGGGGCACGAGGGACAAGATACCAGACATTTGTGAATAATTATTGTACTGGCATCCTGGGCTCTCAAAGT,87
376,Hs342del2,342,del2,AAACCACAGATAATATATGGGGCACGAGGGACAAGATACCAGACATTTGTGAATTATTGTACTGGCATCCTGGGCTCTCAAAGT,84
377,Hs342del3,342,del3,AAACCACAGATAATATATGGGGCACGAGGGACAAGATACCAGACATTTGTGAATTGTACTGGCATCCTGGGCTCTCAAAGT,81
378,Hs342del4,342,del4,AAACCACAGATAATATATGGGGCACGAGGGACAAGATACCAGACATTTGTGAATACTGGCATCCTGGGCTCTCAAAGT,78
379,Hs342del5,342,del5,AAACCACAGATAATATATGGGGCACGAGGGACAAGATACCAGACATTTGTGAATGGCATCCTGGGCTCTCAAAGT,75
380,Hs342del6,342,del6,AAACCACAGATAATATATGGGGCACGAGGGACAAGATACCAGACATTTGTGAATATCCTGGGCTCTCAAAGT,72
381,Hs342del7,342,del7,AAACCACAGATAATATATGGGGCACGAGGGACAAGATACCAGACATTTGTGAATCTGGGCTCTCAAAGT,69
382,Hs342del8,342,del8,AAACCACAGATAATATATGGGGCACGAGGGACAAGATACCAGACATTTGTGAATGGCTCTCAAAGT,66
383,Hs342del9,342,del9,AAACCACAGATAATATATGGGGCACGAGGGACAAGATACCAGACATTTGTGAATTCTCAAAGT,63
384,Hs343del1,343,del1,AAACCACAGATAATATATGGGGCACGAGGGACAAGATACCAGACATTTGTGAATTTCTATTGTACTGGCATCCTGGGCTCTCAAAGT,87
385,Hs343del2,343,del2,AAACCACAGATAATATATGGGGCACGAGGGACAAGATACCAGACATTTGTGAATTTCTGTACTGGCATCCTGGGCTCTCAAAGT,84
386,Hs343del3,343,del3,AAACCACAGATAATATATGGGGCACGAGGGACAAGATACCAGACATTTGTGAATTTCACTGGCATCCTGGGCTCTCAAAGT,81
387,Hs343del4,343,del4,AAACCACAGATAATATATGGGGCACGAGGGACAAGATACCAGACATTTGTGAATTTCGGCATCCTGGGCTCTCAAAGT,78
388,Hs343del5,343,del5,AAACCACAGATAATATATGGGGCACGAGGGACAAGATACCAGACATTTGTGAATTTCATCCTGGGCTCTCAAAGT,75
389,Hs343del6,343,del6,AAACCACAGATAATATATGGGGCACGAGGGACAAGATACCAGACATTTGTGAATTTCCTGGGCTCTCAAAGT,72
390,Hs343del7,343,del7,AAACCACAGATAATATATGGGGCACGAGGGACAAGATACCAGACATTTGTGAATTTCGGCTCTCAAAGT,69
391,Hs343del8,343,del8,AAACCACAGATAATATATGGGGCACGAGGGACAAGATACCAGACATTTGTGAATTTCTCTCAAAGT,66
392,Hs343del9,343,del9,AAACCACAGATAATATATGGGGCACGAGGGACAAGATACCAGACATTTGTGAATTTCCAAAGT,63
393,Hs344del1,344,del1,AAACCACAGATAATATATGGGGCACGAGGGACAAGATACCAGACATTTGTGAATTTCAATTGTACTGGCATCCTGGGCTCTCAAAGT,87
394,Hs344del2,344,del2,AAACCACAGATAATATATGGGGCACGAGGGACAAGATACCAGACATTTGTGAATTTCAATACTGGCATCCTGGGCTCTCAAAGT,84
395,Hs344del3,344,del3,AAACCACAGATAATATATGGGGCACGAGGGACAAGATACCAGACATTTGTGAATTTCAATGGCATCCTGGGCTCTCAAAGT,81
396,Hs344del4,344,del4,AAACCACAGATAATATATGGGGCACGAGGGACAAGATACCAGACATTTGTGAATTTCAATATCCTGGGCTCTCAAAGT,78
397,Hs344del5,344,del5,AAACCACAGATAATATATGGGGCACGAGGGACAAGATACCAGACATTTGTGAATTTCAATCTGGGCTCTCAAAGT,75
398,Hs344del6,344,del6,AAACCACAGATAATATATGGGGCACGAGGGACAAGATACCAGACATTTGTGAATTTCAATGGCTCTCAAAGT,72
399,Hs344del7,344,del7,AAACCACAGATAATATATGGGGCACGAGGGACAAGATACCAGACATTTGTGAATTTCAATTCTCAAAGT,69
400,Hs344del8,344,del8,AAACCACAGATAATATATGGGGCACGAGGGACAAGATACCAGACATTTGTGAATTTCAATCAAAGT,66
401,Hs344del9,344,del9,AAACCACAGATAATATATGGGGCACGAGGGACAAGATACCAGACATTTGTGAATTTCAATAGT,63
402,Hs345del1,345,del1,AAACCACAGATAATATATGGGGCACGAGGGACAAGATACCAGACATTTGTGAATTTCAATTATACTGGCATCCTGGGCTCTCAAAGT,87
403,Hs345del2,345,del2,AAACCACAGATAATATATGGGGCACGAGGGACAAGATACCAGACATTTGTGAATTTCAATTATGGCATCCTGGGCTCTCAAAGT,84
404,Hs345del3,345,del3,AAACCACAGATAATATATGGGGCACGAGGGACAAGATACCAGACATTTGTGAATTTCAATTATATCCTGGGCTCTCAAAGT,81
405,Hs345del4,345,del4,AAACCACAGATAATATATGGGGCACGAGGGACAAGATACCAGACATTTGTGAATTTCAATTATCTGGGCTCTCAAAGT,78
406,Hs345del5,345,del5,AAACCACAGATAATATATGGGGCACGAGGGACAAGATACCAGACATTTGTGAATTTCAATTATGGCTCTCAAAGT,75
407,Hs345del6,345,del6,AAACCACAGATAATATATGGGGCACGAGGGACAAGATACCAGACATTTGTGAATTTCAATTATTCTCAAAGT,72
408,Hs345del7,345,del7,AAACCACAGATAATATATGGGGCACGAGGGACAAGATACCAGACATTTGTGAATTTCAATTATCAAAGT,69
409,Hs345del8,345,del8,AAACCACAGATAATATATGGGGCACGAGGGACAAGATACCAGACATTTGTGAATTTCAATTATAGT,66
410,Hs345del9,345,del9,AAACCACAGATAATATATGGGGCACGAGGGACAAGATACCAGACATTTGTGAATTTCAATTAT,63