variant,sequence,aaSeq,Pos1,Pos3,Pos6,Pos7,Pos8ins2aa,Pos9,Pos10,Pos11,Pos12
wtH_noorder,GGGGCACGAGGGACAAGATACCAGACATTTGTG,GaRgtRY-QTFV,G,R,R,Y,-,Q,T,F,V
1,GGGGCACGAGGGACACGATATCAGACATTTGTG,GaRgtRY-QTFV,G,R,R,Y,-,Q,T,F,V
2,CAGGCACGAGGGACACGATATCAGACATTTGTG,QaRgtRY-QTFV,Q,R,R,Y,-,Q,T,F,V
3,GGGGCACCAGGGACACGATATCAGACATTTGTG,GaPgtRY-QTFV,G,P,R,Y,-,Q,T,F,V
4,CAGGCACCAGGGACACGATATCAGACATTTGTG,QaPgtRY-QTFV,Q,P,R,Y,-,Q,T,F,V
5,GGGGCACAGGGACACGATATCAGACATTTGTG,GaxgtRY-QTFV,G,x,R,Y,-,Q,T,F,V
6,CAGGCACAGGGACACGATATCAGACATTTGTG,QaxgtRY-QTFV,Q,x,R,Y,-,Q,T,F,V
7,GGGGCACGAGGGACACTATATCAGACATTTGTG,GaRgtLY-QTFV,G,R,L,Y,-,Q,T,F,V
8,CAGGCACGAGGGACACTATATCAGACATTTGTG,QaRgtLY-QTFV,Q,R,L,Y,-,Q,T,F,V
9,GGGGCACCAGGGACACTATATCAGACATTTGTG,GaPgtLY-QTFV,G,P,L,Y,-,Q,T,F,V
10,CAGGCACCAGGGACACTATATCAGACATTTGTG,QaPgtLY-QTFV,Q,P,L,Y,-,Q,T,F,V
11,GGGGCACAGGGACACTATATCAGACATTTGTG,GaxgtLY-QTFV,G,x,L,Y,-,Q,T,F,V
12,CAGGCACAGGGACACTATATCAGACATTTGTG,QaxgtLY-QTFV,Q,x,L,Y,-,Q,T,F,V
13,GGGGCACGAGGGACACGATTTCAGACATTTGTG,GaRgtRF-QTFV,G,R,R,F,-,Q,T,F,V
14,CAGGCACGAGGGACACGATTTCAGACATTTGTG,QaRgtRF-QTFV,Q,R,R,F,-,Q,T,F,V
15,GGGGCACCAGGGACACGATTTCAGACATTTGTG,GaPgtRF-QTFV,G,P,R,F,-,Q,T,F,V
16,CAGGCACCAGGGACACGATTTCAGACATTTGTG,QaPgtRF-QTFV,Q,P,R,F,-,Q,T,F,V
17,GGGGCACAGGGACACGATTTCAGACATTTGTG,GaxgtRF-QTFV,G,x,R,F,-,Q,T,F,V
18,CAGGCACAGGGACACGATTTCAGACATTTGTG,QaxgtRF-QTFV,Q,x,R,F,-,Q,T,F,V
19,GGGGCACGAGGGACACTATTTCAGACATTTGTG,GaRgtLF-QTFV,G,R,L,F,-,Q,T,F,V
20,CAGGCACGAGGGACACTATTTCAGACATTTGTG,QaRgtLF-QTFV,Q,R,L,F,-,Q,T,F,V
21,GGGGCACCAGGGACACTATTTCAGACATTTGTG,GaPgtLF-QTFV,G,P,L,F,-,Q,T,F,V
22,CAGGCACCAGGGACACTATTTCAGACATTTGTG,QaPgtLF-QTFV,Q,P,L,F,-,Q,T,F,V
23,GGGGCACAGGGACACTATTTCAGACATTTGTG,GaxgtLF-QTFV,G,x,L,F,-,Q,T,F,V
24,CAGGCACAGGGACACTATTTCAGACATTTGTG,QaxgtLF-QTFV,Q,x,L,F,-,Q,T,F,V
25,GGGGCACGAGGGACACGATATACGTTTCAGACATTTGTG,GaRgtRY+QTFV,G,R,R,Y,+,Q,T,F,V
26,CAGGCACGAGGGACACGATATACGTTTCAGACATTTGTG,QaRgtRY+QTFV,Q,R,R,Y,+,Q,T,F,V
27,GGGGCACCAGGGACACGATATACGTTTCAGACATTTGTG,GaPgtRY+QTFV,G,P,R,Y,+,Q,T,F,V
28,CAGGCACCAGGGACACGATATACGTTTCAGACATTTGTG,QaPgtRY+QTFV,Q,P,R,Y,+,Q,T,F,V
29,GGGGCACAGGGACACGATATACGTTTCAGACATTTGTG,GaxgtRY+QTFV,G,x,R,Y,+,Q,T,F,V
30,CAGGCACAGGGACACGATATACGTTTCAGACATTTGTG,QaxgtRY+QTFV,Q,x,R,Y,+,Q,T,F,V
31,GGGGCACGAGGGACACTATATACGTTTCAGACATTTGTG,GaRgtLY+QTFV,G,R,L,Y,+,Q,T,F,V
32,CAGGCACGAGGGACACTATATACGTTTCAGACATTTGTG,QaRgtLY+QTFV,Q,R,L,Y,+,Q,T,F,V
33,GGGGCACCAGGGACACTATATACGTTTCAGACATTTGTG,GaPgtLY+QTFV,G,P,L,Y,+,Q,T,F,V
34,CAGGCACCAGGGACACTATATACGTTTCAGACATTTGTG,QaPgtLY+QTFV,Q,P,L,Y,+,Q,T,F,V
35,GGGGCACAGGGACACTATATACGTTTCAGACATTTGTG,GaxgtLY+QTFV,G,x,L,Y,+,Q,T,F,V
36,CAGGCACAGGGACACTATATACGTTTCAGACATTTGTG,QaxgtLY+QTFV,Q,x,L,Y,+,Q,T,F,V
37,GGGGCACGAGGGACACGATTTACGTTTCAGACATTTGTG,GaRgtRF+QTFV,G,R,R,F,+,Q,T,F,V
38,CAGGCACGAGGGACACGATTTACGTTTCAGACATTTGTG,QaRgtRF+QTFV,Q,R,R,F,+,Q,T,F,V
39,GGGGCACCAGGGACACGATTTACGTTTCAGACATTTGTG,GaPgtRF+QTFV,G,P,R,F,+,Q,T,F,V
40,CAGGCACCAGGGACACGATTTACGTTTCAGACATTTGTG,QaPgtRF+QTFV,Q,P,R,F,+,Q,T,F,V
41,GGGGCACAGGGACACGATTTACGTTTCAGACATTTGTG,GaxgtRF+QTFV,G,x,R,F,+,Q,T,F,V
42,CAGGCACAGGGACACGATTTACGTTTCAGACATTTGTG,QaxgtRF+QTFV,Q,x,R,F,+,Q,T,F,V
43,GGGGCACGAGGGACACTATTTACGTTTCAGACATTTGTG,GaRgtLF+QTFV,G,R,L,F,+,Q,T,F,V
44,CAGGCACGAGGGACACTATTTACGTTTCAGACATTTGTG,QaRgtLF+QTFV,Q,R,L,F,+,Q,T,F,V
45,GGGGCACCAGGGACACTATTTACGTTTCAGACATTTGTG,GaPgtLF+QTFV,G,P,L,F,+,Q,T,F,V
46,CAGGCACCAGGGACACTATTTACGTTTCAGACATTTGTG,QaPgtLF+QTFV,Q,P,L,F,+,Q,T,F,V
47,GGGGCACAGGGACACTATTTACGTTTCAGACATTTGTG,GaxgtLF+QTFV,G,x,L,F,+,Q,T,F,V
48,CAGGCACAGGGACACTATTTACGTTTCAGACATTTGTG,QaxgtLF+QTFV,Q,x,L,F,+,Q,T,F,V
49,GGGGCACGAGGGACACGATATCCGACATTTGTG,GaRgtRY-PTFV,G,R,R,Y,-,P,T,F,V
50,CAGGCACGAGGGACACGATATCCGACATTTGTG,QaRgtRY-PTFV,Q,R,R,Y,-,P,T,F,V
51,GGGGCACCAGGGACACGATATCCGACATTTGTG,GaPgtRY-PTFV,G,P,R,Y,-,P,T,F,V
52,CAGGCACCAGGGACACGATATCCGACATTTGTG,QaPgtRY-PTFV,Q,P,R,Y,-,P,T,F,V
53,GGGGCACAGGGACACGATATCCGACATTTGTG,GaxgtRY-PTFV,G,x,R,Y,-,P,T,F,V
54,CAGGCACAGGGACACGATATCCGACATTTGTG,QaxgtRY-PTFV,Q,x,R,Y,-,P,T,F,V
55,GGGGCACGAGGGACACTATATCCGACATTTGTG,GaRgtLY-PTFV,G,R,L,Y,-,P,T,F,V
56,CAGGCACGAGGGACACTATATCCGACATTTGTG,QaRgtLY-PTFV,Q,R,L,Y,-,P,T,F,V
57,GGGGCACCAGGGACACTATATCCGACATTTGTG,GaPgtLY-PTFV,G,P,L,Y,-,P,T,F,V
58,CAGGCACCAGGGACACTATATCCGACATTTGTG,QaPgtLY-PTFV,Q,P,L,Y,-,P,T,F,V
59,GGGGCACAGGGACACTATATCCGACATTTGTG,GaxgtLY-PTFV,G,x,L,Y,-,P,T,F,V
60,CAGGCACAGGGACACTATATCCGACATTTGTG,QaxgtLY-PTFV,Q,x,L,Y,-,P,T,F,V
61,GGGGCACGAGGGACACGATTTCCGACATTTGTG,GaRgtRF-PTFV,G,R,R,F,-,P,T,F,V
62,CAGGCACGAGGGACACGATTTCCGACATTTGTG,QaRgtRF-PTFV,Q,R,R,F,-,P,T,F,V
63,GGGGCACCAGGGACACGATTTCCGACATTTGTG,GaPgtRF-PTFV,G,P,R,F,-,P,T,F,V
64,CAGGCACCAGGGACACGATTTCCGACATTTGTG,QaPgtRF-PTFV,Q,P,R,F,-,P,T,F,V
65,GGGGCACAGGGACACGATTTCCGACATTTGTG,GaxgtRF-PTFV,G,x,R,F,-,P,T,F,V
66,CAGGCACAGGGACACGATTTCCGACATTTGTG,QaxgtRF-PTFV,Q,x,R,F,-,P,T,F,V
67,GGGGCACGAGGGACACTATTTCCGACATTTGTG,GaRgtLF-PTFV,G,R,L,F,-,P,T,F,V
68,CAGGCACGAGGGACACTATTTCCGACATTTGTG,QaRgtLF-PTFV,Q,R,L,F,-,P,T,F,V
69,GGGGCACCAGGGACACTATTTCCGACATTTGTG,GaPgtLF-PTFV,G,P,L,F,-,P,T,F,V
70,CAGGCACCAGGGACACTATTTCCGACATTTGTG,QaPgtLF-PTFV,Q,P,L,F,-,P,T,F,V
71,GGGGCACAGGGACACTATTTCCGACATTTGTG,GaxgtLF-PTFV,G,x,L,F,-,P,T,F,V
72,CAGGCACAGGGACACTATTTCCGACATTTGTG,QaxgtLF-PTFV,Q,x,L,F,-,P,T,F,V
73,GGGGCACGAGGGACACGATATACGTTTCCGACATTTGTG,GaRgtRY+PTFV,G,R,R,Y,+,P,T,F,V
74,CAGGCACGAGGGACACGATATACGTTTCCGACATTTGTG,QaRgtRY+PTFV,Q,R,R,Y,+,P,T,F,V
75,GGGGCACCAGGGACACGATATACGTTTCCGACATTTGTG,GaPgtRY+PTFV,G,P,R,Y,+,P,T,F,V
76,CAGGCACCAGGGACACGATATACGTTTCCGACATTTGTG,QaPgtRY+PTFV,Q,P,R,Y,+,P,T,F,V
77,GGGGCACAGGGACACGATATACGTTTCCGACATTTGTG,GaxgtRY+PTFV,G,x,R,Y,+,P,T,F,V
78,CAGGCACAGGGACACGATATACGTTTCCGACATTTGTG,QaxgtRY+PTFV,Q,x,R,Y,+,P,T,F,V
79,GGGGCACGAGGGACACTATATACGTTTCCGACATTTGTG,GaRgtLY+PTFV,G,R,L,Y,+,P,T,F,V
80,CAGGCACGAGGGACACTATATACGTTTCCGACATTTGTG,QaRgtLY+PTFV,Q,R,L,Y,+,P,T,F,V
81,GGGGCACCAGGGACACTATATACGTTTCCGACATTTGTG,GaPgtLY+PTFV,G,P,L,Y,+,P,T,F,V
82,CAGGCACCAGGGACACTATATACGTTTCCGACATTTGTG,QaPgtLY+PTFV,Q,P,L,Y,+,P,T,F,V
83,GGGGCACAGGGACACTATATACGTTTCCGACATTTGTG,GaxgtLY+PTFV,G,x,L,Y,+,P,T,F,V
84,CAGGCACAGGGACACTATATACGTTTCCGACATTTGTG,QaxgtLY+PTFV,Q,x,L,Y,+,P,T,F,V
85,GGGGCACGAGGGACACGATTTACGTTTCCGACATTTGTG,GaRgtRF+PTFV,G,R,R,F,+,P,T,F,V
86,CAGGCACGAGGGACACGATTTACGTTTCCGACATTTGTG,QaRgtRF+PTFV,Q,R,R,F,+,P,T,F,V
87,GGGGCACCAGGGACACGATTTACGTTTCCGACATTTGTG,GaPgtRF+PTFV,G,P,R,F,+,P,T,F,V
88,CAGGCACCAGGGACACGATTTACGTTTCCGACATTTGTG,QaPgtRF+PTFV,Q,P,R,F,+,P,T,F,V
89,GGGGCACAGGGACACGATTTACGTTTCCGACATTTGTG,GaxgtRF+PTFV,G,x,R,F,+,P,T,F,V
90,CAGGCACAGGGACACGATTTACGTTTCCGACATTTGTG,QaxgtRF+PTFV,Q,x,R,F,+,P,T,F,V
91,GGGGCACGAGGGACACTATTTACGTTTCCGACATTTGTG,GaRgtLF+PTFV,G,R,L,F,+,P,T,F,V
92,CAGGCACGAGGGACACTATTTACGTTTCCGACATTTGTG,QaRgtLF+PTFV,Q,R,L,F,+,P,T,F,V
93,GGGGCACCAGGGACACTATTTACGTTTCCGACATTTGTG,GaPgtLF+PTFV,G,P,L,F,+,P,T,F,V
94,CAGGCACCAGGGACACTATTTACGTTTCCGACATTTGTG,QaPgtLF+PTFV,Q,P,L,F,+,P,T,F,V
95,GGGGCACAGGGACACTATTTACGTTTCCGACATTTGTG,GaxgtLF+PTFV,G,x,L,F,+,P,T,F,V
96,CAGGCACAGGGACACTATTTACGTTTCCGACATTTGTG,QaxgtLF+PTFV,Q,x,L,F,+,P,T,F,V
97,GGGGCACGAGGGACACGATATCAGTCATTTGTG,GaRgtRY-QSFV,G,R,R,Y,-,Q,S,F,V
98,CAGGCACGAGGGACACGATATCAGTCATTTGTG,QaRgtRY-QSFV,Q,R,R,Y,-,Q,S,F,V
99,GGGGCACCAGGGACACGATATCAGTCATTTGTG,GaPgtRY-QSFV,G,P,R,Y,-,Q,S,F,V
100,CAGGCACCAGGGACACGATATCAGTCATTTGTG,QaPgtRY-QSFV,Q,P,R,Y,-,Q,S,F,V
101,GGGGCACAGGGACACGATATCAGTCATTTGTG,GaxgtRY-QSFV,G,x,R,Y,-,Q,S,F,V
102,CAGGCACAGGGACACGATATCAGTCATTTGTG,QaxgtRY-QSFV,Q,x,R,Y,-,Q,S,F,V
103,GGGGCACGAGGGACACTATATCAGTCATTTGTG,GaRgtLY-QSFV,G,R,L,Y,-,Q,S,F,V
104,CAGGCACGAGGGACACTATATCAGTCATTTGTG,QaRgtLY-QSFV,Q,R,L,Y,-,Q,S,F,V
105,GGGGCACCAGGGACACTATATCAGTCATTTGTG,GaPgtLY-QSFV,G,P,L,Y,-,Q,S,F,V
106,CAGGCACCAGGGACACTATATCAGTCATTTGTG,QaPgtLY-QSFV,Q,P,L,Y,-,Q,S,F,V
107,GGGGCACAGGGACACTATATCAGTCATTTGTG,GaxgtLY-QSFV,G,x,L,Y,-,Q,S,F,V
108,CAGGCACAGGGACACTATATCAGTCATTTGTG,QaxgtLY-QSFV,Q,x,L,Y,-,Q,S,F,V
109,GGGGCACGAGGGACACGATTTCAGTCATTTGTG,GaRgtRF-QSFV,G,R,R,F,-,Q,S,F,V
110,CAGGCACGAGGGACACGATTTCAGTCATTTGTG,QaRgtRF-QSFV,Q,R,R,F,-,Q,S,F,V
111,GGGGCACCAGGGACACGATTTCAGTCATTTGTG,GaPgtRF-QSFV,G,P,R,F,-,Q,S,F,V
112,CAGGCACCAGGGACACGATTTCAGTCATTTGTG,QaPgtRF-QSFV,Q,P,R,F,-,Q,S,F,V
113,GGGGCACAGGGACACGATTTCAGTCATTTGTG,GaxgtRF-QSFV,G,x,R,F,-,Q,S,F,V
114,CAGGCACAGGGACACGATTTCAGTCATTTGTG,QaxgtRF-QSFV,Q,x,R,F,-,Q,S,F,V
115,GGGGCACGAGGGACACTATTTCAGTCATTTGTG,GaRgtLF-QSFV,G,R,L,F,-,Q,S,F,V
116,CAGGCACGAGGGACACTATTTCAGTCATTTGTG,QaRgtLF-QSFV,Q,R,L,F,-,Q,S,F,V
117,GGGGCACCAGGGACACTATTTCAGTCATTTGTG,GaPgtLF-QSFV,G,P,L,F,-,Q,S,F,V
118,CAGGCACCAGGGACACTATTTCAGTCATTTGTG,QaPgtLF-QSFV,Q,P,L,F,-,Q,S,F,V
119,GGGGCACAGGGACACTATTTCAGTCATTTGTG,GaxgtLF-QSFV,G,x,L,F,-,Q,S,F,V
120,CAGGCACAGGGACACTATTTCAGTCATTTGTG,QaxgtLF-QSFV,Q,x,L,F,-,Q,S,F,V
121,GGGGCACGAGGGACACGATATACGTTTCAGTCATTTGTG,GaRgtRY+QSFV,G,R,R,Y,+,Q,S,F,V
122,CAGGCACGAGGGACACGATATACGTTTCAGTCATTTGTG,QaRgtRY+QSFV,Q,R,R,Y,+,Q,S,F,V
123,GGGGCACCAGGGACACGATATACGTTTCAGTCATTTGTG,GaPgtRY+QSFV,G,P,R,Y,+,Q,S,F,V
124,CAGGCACCAGGGACACGATATACGTTTCAGTCATTTGTG,QaPgtRY+QSFV,Q,P,R,Y,+,Q,S,F,V
125,GGGGCACAGGGACACGATATACGTTTCAGTCATTTGTG,GaxgtRY+QSFV,G,x,R,Y,+,Q,S,F,V
126,CAGGCACAGGGACACGATATACGTTTCAGTCATTTGTG,QaxgtRY+QSFV,Q,x,R,Y,+,Q,S,F,V
127,GGGGCACGAGGGACACTATATACGTTTCAGTCATTTGTG,GaRgtLY+QSFV,G,R,L,Y,+,Q,S,F,V
128,CAGGCACGAGGGACACTATATACGTTTCAGTCATTTGTG,QaRgtLY+QSFV,Q,R,L,Y,+,Q,S,F,V
129,GGGGCACCAGGGACACTATATACGTTTCAGTCATTTGTG,GaPgtLY+QSFV,G,P,L,Y,+,Q,S,F,V
130,CAGGCACCAGGGACACTATATACGTTTCAGTCATTTGTG,QaPgtLY+QSFV,Q,P,L,Y,+,Q,S,F,V
131,GGGGCACAGGGACACTATATACGTTTCAGTCATTTGTG,GaxgtLY+QSFV,G,x,L,Y,+,Q,S,F,V
132,CAGGCACAGGGACACTATATACGTTTCAGTCATTTGTG,QaxgtLY+QSFV,Q,x,L,Y,+,Q,S,F,V
133,GGGGCACGAGGGACACGATTTACGTTTCAGTCATTTGTG,GaRgtRF+QSFV,G,R,R,F,+,Q,S,F,V
134,CAGGCACGAGGGACACGATTTACGTTTCAGTCATTTGTG,QaRgtRF+QSFV,Q,R,R,F,+,Q,S,F,V
135,GGGGCACCAGGGACACGATTTACGTTTCAGTCATTTGTG,GaPgtRF+QSFV,G,P,R,F,+,Q,S,F,V
136,CAGGCACCAGGGACACGATTTACGTTTCAGTCATTTGTG,QaPgtRF+QSFV,Q,P,R,F,+,Q,S,F,V
137,GGGGCACAGGGACACGATTTACGTTTCAGTCATTTGTG,GaxgtRF+QSFV,G,x,R,F,+,Q,S,F,V
138,CAGGCACAGGGACACGATTTACGTTTCAGTCATTTGTG,QaxgtRF+QSFV,Q,x,R,F,+,Q,S,F,V
139,GGGGCACGAGGGACACTATTTACGTTTCAGTCATTTGTG,GaRgtLF+QSFV,G,R,L,F,+,Q,S,F,V
140,CAGGCACGAGGGACACTATTTACGTTTCAGTCATTTGTG,QaRgtLF+QSFV,Q,R,L,F,+,Q,S,F,V
141,GGGGCACCAGGGACACTATTTACGTTTCAGTCATTTGTG,GaPgtLF+QSFV,G,P,L,F,+,Q,S,F,V
142,CAGGCACCAGGGACACTATTTACGTTTCAGTCATTTGTG,QaPgtLF+QSFV,Q,P,L,F,+,Q,S,F,V
143,GGGGCACAGGGACACTATTTACGTTTCAGTCATTTGTG,GaxgtLF+QSFV,G,x,L,F,+,Q,S,F,V
144,CAGGCACAGGGACACTATTTACGTTTCAGTCATTTGTG,QaxgtLF+QSFV,Q,x,L,F,+,Q,S,F,V
145,GGGGCACGAGGGACACGATATCCGTCATTTGTG,GaRgtRY-PSFV,G,R,R,Y,-,P,S,F,V
146,CAGGCACGAGGGACACGATATCCGTCATTTGTG,QaRgtRY-PSFV,Q,R,R,Y,-,P,S,F,V
147,GGGGCACCAGGGACACGATATCCGTCATTTGTG,GaPgtRY-PSFV,G,P,R,Y,-,P,S,F,V
148,CAGGCACCAGGGACACGATATCCGTCATTTGTG,QaPgtRY-PSFV,Q,P,R,Y,-,P,S,F,V
149,GGGGCACAGGGACACGATATCCGTCATTTGTG,GaxgtRY-PSFV,G,x,R,Y,-,P,S,F,V
150,CAGGCACAGGGACACGATATCCGTCATTTGTG,QaxgtRY-PSFV,Q,x,R,Y,-,P,S,F,V
151,GGGGCACGAGGGACACTATATCCGTCATTTGTG,GaRgtLY-PSFV,G,R,L,Y,-,P,S,F,V
152,CAGGCACGAGGGACACTATATCCGTCATTTGTG,QaRgtLY-PSFV,Q,R,L,Y,-,P,S,F,V
153,GGGGCACCAGGGACACTATATCCGTCATTTGTG,GaPgtLY-PSFV,G,P,L,Y,-,P,S,F,V
154,CAGGCACCAGGGACACTATATCCGTCATTTGTG,QaPgtLY-PSFV,Q,P,L,Y,-,P,S,F,V
155,GGGGCACAGGGACACTATATCCGTCATTTGTG,GaxgtLY-PSFV,G,x,L,Y,-,P,S,F,V
156,CAGGCACAGGGACACTATATCCGTCATTTGTG,QaxgtLY-PSFV,Q,x,L,Y,-,P,S,F,V
157,GGGGCACGAGGGACACGATTTCCGTCATTTGTG,GaRgtRF-PSFV,G,R,R,F,-,P,S,F,V
158,CAGGCACGAGGGACACGATTTCCGTCATTTGTG,QaRgtRF-PSFV,Q,R,R,F,-,P,S,F,V
159,GGGGCACCAGGGACACGATTTCCGTCATTTGTG,GaPgtRF-PSFV,G,P,R,F,-,P,S,F,V
160,CAGGCACCAGGGACACGATTTCCGTCATTTGTG,QaPgtRF-PSFV,Q,P,R,F,-,P,S,F,V
161,GGGGCACAGGGACACGATTTCCGTCATTTGTG,GaxgtRF-PSFV,G,x,R,F,-,P,S,F,V
162,CAGGCACAGGGACACGATTTCCGTCATTTGTG,QaxgtRF-PSFV,Q,x,R,F,-,P,S,F,V
163,GGGGCACGAGGGACACTATTTCCGTCATTTGTG,GaRgtLF-PSFV,G,R,L,F,-,P,S,F,V
164,CAGGCACGAGGGACACTATTTCCGTCATTTGTG,QaRgtLF-PSFV,Q,R,L,F,-,P,S,F,V
165,GGGGCACCAGGGACACTATTTCCGTCATTTGTG,GaPgtLF-PSFV,G,P,L,F,-,P,S,F,V
166,CAGGCACCAGGGACACTATTTCCGTCATTTGTG,QaPgtLF-PSFV,Q,P,L,F,-,P,S,F,V
167,GGGGCACAGGGACACTATTTCCGTCATTTGTG,GaxgtLF-PSFV,G,x,L,F,-,P,S,F,V
168,CAGGCACAGGGACACTATTTCCGTCATTTGTG,QaxgtLF-PSFV,Q,x,L,F,-,P,S,F,V
169,GGGGCACGAGGGACACGATATACGTTTCCGTCATTTGTG,GaRgtRY+PSFV,G,R,R,Y,+,P,S,F,V
170,CAGGCACGAGGGACACGATATACGTTTCCGTCATTTGTG,QaRgtRY+PSFV,Q,R,R,Y,+,P,S,F,V
171,GGGGCACCAGGGACACGATATACGTTTCCGTCATTTGTG,GaPgtRY+PSFV,G,P,R,Y,+,P,S,F,V
172,CAGGCACCAGGGACACGATATACGTTTCCGTCATTTGTG,QaPgtRY+PSFV,Q,P,R,Y,+,P,S,F,V
173,GGGGCACAGGGACACGATATACGTTTCCGTCATTTGTG,GaxgtRY+PSFV,G,x,R,Y,+,P,S,F,V
174,CAGGCACAGGGACACGATATACGTTTCCGTCATTTGTG,QaxgtRY+PSFV,Q,x,R,Y,+,P,S,F,V
175,GGGGCACGAGGGACACTATATACGTTTCCGTCATTTGTG,GaRgtLY+PSFV,G,R,L,Y,+,P,S,F,V
176,CAGGCACGAGGGACACTATATACGTTTCCGTCATTTGTG,QaRgtLY+PSFV,Q,R,L,Y,+,P,S,F,V
177,GGGGCACCAGGGACACTATATACGTTTCCGTCATTTGTG,GaPgtLY+PSFV,G,P,L,Y,+,P,S,F,V
178,CAGGCACCAGGGACACTATATACGTTTCCGTCATTTGTG,QaPgtLY+PSFV,Q,P,L,Y,+,P,S,F,V
179,GGGGCACAGGGACACTATATACGTTTCCGTCATTTGTG,GaxgtLY+PSFV,G,x,L,Y,+,P,S,F,V
180,CAGGCACAGGGACACTATATACGTTTCCGTCATTTGTG,QaxgtLY+PSFV,Q,x,L,Y,+,P,S,F,V
181,GGGGCACGAGGGACACGATTTACGTTTCCGTCATTTGTG,GaRgtRF+PSFV,G,R,R,F,+,P,S,F,V
182,CAGGCACGAGGGACACGATTTACGTTTCCGTCATTTGTG,QaRgtRF+PSFV,Q,R,R,F,+,P,S,F,V
183,GGGGCACCAGGGACACGATTTACGTTTCCGTCATTTGTG,GaPgtRF+PSFV,G,P,R,F,+,P,S,F,V
184,CAGGCACCAGGGACACGATTTACGTTTCCGTCATTTGTG,QaPgtRF+PSFV,Q,P,R,F,+,P,S,F,V
185,GGGGCACAGGGACACGATTTACGTTTCCGTCATTTGTG,GaxgtRF+PSFV,G,x,R,F,+,P,S,F,V
186,CAGGCACAGGGACACGATTTACGTTTCCGTCATTTGTG,QaxgtRF+PSFV,Q,x,R,F,+,P,S,F,V
187,GGGGCACGAGGGACACTATTTACGTTTCCGTCATTTGTG,GaRgtLF+PSFV,G,R,L,F,+,P,S,F,V
188,CAGGCACGAGGGACACTATTTACGTTTCCGTCATTTGTG,QaRgtLF+PSFV,Q,R,L,F,+,P,S,F,V
189,GGGGCACCAGGGACACTATTTACGTTTCCGTCATTTGTG,GaPgtLF+PSFV,G,P,L,F,+,P,S,F,V
190,CAGGCACCAGGGACACTATTTACGTTTCCGTCATTTGTG,QaPgtLF+PSFV,Q,P,L,F,+,P,S,F,V
191,GGGGCACAGGGACACTATTTACGTTTCCGTCATTTGTG,GaxgtLF+PSFV,G,x,L,F,+,P,S,F,V
192,CAGGCACAGGGACACTATTTACGTTTCCGTCATTTGTG,QaxgtLF+PSFV,Q,x,L,F,+,P,S,F,V
193,GGGGCACGAGGGACACGATATCAGACATTGGTG,GaRgtRY-QTLV,G,R,R,Y,-,Q,T,L,V
194,CAGGCACGAGGGACACGATATCAGACATTGGTG,QaRgtRY-QTLV,Q,R,R,Y,-,Q,T,L,V
195,GGGGCACCAGGGACACGATATCAGACATTGGTG,GaPgtRY-QTLV,G,P,R,Y,-,Q,T,L,V
196,CAGGCACCAGGGACACGATATCAGACATTGGTG,QaPgtRY-QTLV,Q,P,R,Y,-,Q,T,L,V
197,GGGGCACAGGGACACGATATCAGACATTGGTG,GaxgtRY-QTLV,G,x,R,Y,-,Q,T,L,V
198,CAGGCACAGGGACACGATATCAGACATTGGTG,QaxgtRY-QTLV,Q,x,R,Y,-,Q,T,L,V
199,GGGGCACGAGGGACACTATATCAGACATTGGTG,GaRgtLY-QTLV,G,R,L,Y,-,Q,T,L,V
200,CAGGCACGAGGGACACTATATCAGACATTGGTG,QaRgtLY-QTLV,Q,R,L,Y,-,Q,T,L,V
201,GGGGCACCAGGGACACTATATCAGACATTGGTG,GaPgtLY-QTLV,G,P,L,Y,-,Q,T,L,V
202,CAGGCACCAGGGACACTATATCAGACATTGGTG,QaPgtLY-QTLV,Q,P,L,Y,-,Q,T,L,V
203,GGGGCACAGGGACACTATATCAGACATTGGTG,GaxgtLY-QTLV,G,x,L,Y,-,Q,T,L,V
204,CAGGCACAGGGACACTATATCAGACATTGGTG,QaxgtLY-QTLV,Q,x,L,Y,-,Q,T,L,V
205,GGGGCACGAGGGACACGATTTCAGACATTGGTG,GaRgtRF-QTLV,G,R,R,F,-,Q,T,L,V
206,CAGGCACGAGGGACACGATTTCAGACATTGGTG,QaRgtRF-QTLV,Q,R,R,F,-,Q,T,L,V
207,GGGGCACCAGGGACACGATTTCAGACATTGGTG,GaPgtRF-QTLV,G,P,R,F,-,Q,T,L,V
208,CAGGCACCAGGGACACGATTTCAGACATTGGTG,QaPgtRF-QTLV,Q,P,R,F,-,Q,T,L,V
209,GGGGCACAGGGACACGATTTCAGACATTGGTG,GaxgtRF-QTLV,G,x,R,F,-,Q,T,L,V
210,CAGGCACAGGGACACGATTTCAGACATTGGTG,QaxgtRF-QTLV,Q,x,R,F,-,Q,T,L,V
211,GGGGCACGAGGGACACTATTTCAGACATTGGTG,GaRgtLF-QTLV,G,R,L,F,-,Q,T,L,V
212,CAGGCACGAGGGACACTATTTCAGACATTGGTG,QaRgtLF-QTLV,Q,R,L,F,-,Q,T,L,V
213,GGGGCACCAGGGACACTATTTCAGACATTGGTG,GaPgtLF-QTLV,G,P,L,F,-,Q,T,L,V
214,CAGGCACCAGGGACACTATTTCAGACATTGGTG,QaPgtLF-QTLV,Q,P,L,F,-,Q,T,L,V
215,GGGGCACAGGGACACTATTTCAGACATTGGTG,GaxgtLF-QTLV,G,x,L,F,-,Q,T,L,V
216,CAGGCACAGGGACACTATTTCAGACATTGGTG,QaxgtLF-QTLV,Q,x,L,F,-,Q,T,L,V
217,GGGGCACGAGGGACACGATATACGTTTCAGACATTGGTG,GaRgtRY+QTLV,G,R,R,Y,+,Q,T,L,V
218,CAGGCACGAGGGACACGATATACGTTTCAGACATTGGTG,QaRgtRY+QTLV,Q,R,R,Y,+,Q,T,L,V
219,GGGGCACCAGGGACACGATATACGTTTCAGACATTGGTG,GaPgtRY+QTLV,G,P,R,Y,+,Q,T,L,V
220,CAGGCACCAGGGACACGATATACGTTTCAGACATTGGTG,QaPgtRY+QTLV,Q,P,R,Y,+,Q,T,L,V
221,GGGGCACAGGGACACGATATACGTTTCAGACATTGGTG,GaxgtRY+QTLV,G,x,R,Y,+,Q,T,L,V
222,CAGGCACAGGGACACGATATACGTTTCAGACATTGGTG,QaxgtRY+QTLV,Q,x,R,Y,+,Q,T,L,V
223,GGGGCACGAGGGACACTATATACGTTTCAGACATTGGTG,GaRgtLY+QTLV,G,R,L,Y,+,Q,T,L,V
224,CAGGCACGAGGGACACTATATACGTTTCAGACATTGGTG,QaRgtLY+QTLV,Q,R,L,Y,+,Q,T,L,V
225,GGGGCACCAGGGACACTATATACGTTTCAGACATTGGTG,GaPgtLY+QTLV,G,P,L,Y,+,Q,T,L,V
226,CAGGCACCAGGGACACTATATACGTTTCAGACATTGGTG,QaPgtLY+QTLV,Q,P,L,Y,+,Q,T,L,V
227,GGGGCACAGGGACACTATATACGTTTCAGACATTGGTG,GaxgtLY+QTLV,G,x,L,Y,+,Q,T,L,V
228,CAGGCACAGGGACACTATATACGTTTCAGACATTGGTG,QaxgtLY+QTLV,Q,x,L,Y,+,Q,T,L,V
229,GGGGCACGAGGGACACGATTTACGTTTCAGACATTGGTG,GaRgtRF+QTLV,G,R,R,F,+,Q,T,L,V
230,CAGGCACGAGGGACACGATTTACGTTTCAGACATTGGTG,QaRgtRF+QTLV,Q,R,R,F,+,Q,T,L,V
231,GGGGCACCAGGGACACGATTTACGTTTCAGACATTGGTG,GaPgtRF+QTLV,G,P,R,F,+,Q,T,L,V
232,CAGGCACCAGGGACACGATTTACGTTTCAGACATTGGTG,QaPgtRF+QTLV,Q,P,R,F,+,Q,T,L,V
233,GGGGCACAGGGACACGATTTACGTTTCAGACATTGGTG,GaxgtRF+QTLV,G,x,R,F,+,Q,T,L,V
234,CAGGCACAGGGACACGATTTACGTTTCAGACATTGGTG,QaxgtRF+QTLV,Q,x,R,F,+,Q,T,L,V
235,GGGGCACGAGGGACACTATTTACGTTTCAGACATTGGTG,GaRgtLF+QTLV,G,R,L,F,+,Q,T,L,V
236,CAGGCACGAGGGACACTATTTACGTTTCAGACATTGGTG,QaRgtLF+QTLV,Q,R,L,F,+,Q,T,L,V
237,GGGGCACCAGGGACACTATTTACGTTTCAGACATTGGTG,GaPgtLF+QTLV,G,P,L,F,+,Q,T,L,V
238,CAGGCACCAGGGACACTATTTACGTTTCAGACATTGGTG,QaPgtLF+QTLV,Q,P,L,F,+,Q,T,L,V
239,GGGGCACAGGGACACTATTTACGTTTCAGACATTGGTG,GaxgtLF+QTLV,G,x,L,F,+,Q,T,L,V
240,CAGGCACAGGGACACTATTTACGTTTCAGACATTGGTG,QaxgtLF+QTLV,Q,x,L,F,+,Q,T,L,V
241,GGGGCACGAGGGACACGATATCCGACATTGGTG,GaRgtRY-PTLV,G,R,R,Y,-,P,T,L,V
242,CAGGCACGAGGGACACGATATCCGACATTGGTG,QaRgtRY-PTLV,Q,R,R,Y,-,P,T,L,V
243,GGGGCACCAGGGACACGATATCCGACATTGGTG,GaPgtRY-PTLV,G,P,R,Y,-,P,T,L,V
244,CAGGCACCAGGGACACGATATCCGACATTGGTG,QaPgtRY-PTLV,Q,P,R,Y,-,P,T,L,V
245,GGGGCACAGGGACACGATATCCGACATTGGTG,GaxgtRY-PTLV,G,x,R,Y,-,P,T,L,V
246,CAGGCACAGGGACACGATATCCGACATTGGTG,QaxgtRY-PTLV,Q,x,R,Y,-,P,T,L,V
247,GGGGCACGAGGGACACTATATCCGACATTGGTG,GaRgtLY-PTLV,G,R,L,Y,-,P,T,L,V
248,CAGGCACGAGGGACACTATATCCGACATTGGTG,QaRgtLY-PTLV,Q,R,L,Y,-,P,T,L,V
249,GGGGCACCAGGGACACTATATCCGACATTGGTG,GaPgtLY-PTLV,G,P,L,Y,-,P,T,L,V
250,CAGGCACCAGGGACACTATATCCGACATTGGTG,QaPgtLY-PTLV,Q,P,L,Y,-,P,T,L,V
251,GGGGCACAGGGACACTATATCCGACATTGGTG,GaxgtLY-PTLV,G,x,L,Y,-,P,T,L,V
252,CAGGCACAGGGACACTATATCCGACATTGGTG,QaxgtLY-PTLV,Q,x,L,Y,-,P,T,L,V
253,GGGGCACGAGGGACACGATTTCCGACATTGGTG,GaRgtRF-PTLV,G,R,R,F,-,P,T,L,V
254,CAGGCACGAGGGACACGATTTCCGACATTGGTG,QaRgtRF-PTLV,Q,R,R,F,-,P,T,L,V
255,GGGGCACCAGGGACACGATTTCCGACATTGGTG,GaPgtRF-PTLV,G,P,R,F,-,P,T,L,V
256,CAGGCACCAGGGACACGATTTCCGACATTGGTG,QaPgtRF-PTLV,Q,P,R,F,-,P,T,L,V
257,GGGGCACAGGGACACGATTTCCGACATTGGTG,GaxgtRF-PTLV,G,x,R,F,-,P,T,L,V
258,CAGGCACAGGGACACGATTTCCGACATTGGTG,QaxgtRF-PTLV,Q,x,R,F,-,P,T,L,V
259,GGGGCACGAGGGACACTATTTCCGACATTGGTG,GaRgtLF-PTLV,G,R,L,F,-,P,T,L,V
260,CAGGCACGAGGGACACTATTTCCGACATTGGTG,QaRgtLF-PTLV,Q,R,L,F,-,P,T,L,V
261,GGGGCACCAGGGACACTATTTCCGACATTGGTG,GaPgtLF-PTLV,G,P,L,F,-,P,T,L,V
262,CAGGCACCAGGGACACTATTTCCGACATTGGTG,QaPgtLF-PTLV,Q,P,L,F,-,P,T,L,V
263,GGGGCACAGGGACACTATTTCCGACATTGGTG,GaxgtLF-PTLV,G,x,L,F,-,P,T,L,V
264,CAGGCACAGGGACACTATTTCCGACATTGGTG,QaxgtLF-PTLV,Q,x,L,F,-,P,T,L,V
265,GGGGCACGAGGGACACGATATACGTTTCCGACATTGGTG,GaRgtRY+PTLV,G,R,R,Y,+,P,T,L,V
266,CAGGCACGAGGGACACGATATACGTTTCCGACATTGGTG,QaRgtRY+PTLV,Q,R,R,Y,+,P,T,L,V
267,GGGGCACCAGGGACACGATATACGTTTCCGACATTGGTG,GaPgtRY+PTLV,G,P,R,Y,+,P,T,L,V
268,CAGGCACCAGGGACACGATATACGTTTCCGACATTGGTG,QaPgtRY+PTLV,Q,P,R,Y,+,P,T,L,V
269,GGGGCACAGGGACACGATATACGTTTCCGACATTGGTG,GaxgtRY+PTLV,G,x,R,Y,+,P,T,L,V
270,CAGGCACAGGGACACGATATACGTTTCCGACATTGGTG,QaxgtRY+PTLV,Q,x,R,Y,+,P,T,L,V
271,GGGGCACGAGGGACACTATATACGTTTCCGACATTGGTG,GaRgtLY+PTLV,G,R,L,Y,+,P,T,L,V
272,CAGGCACGAGGGACACTATATACGTTTCCGACATTGGTG,QaRgtLY+PTLV,Q,R,L,Y,+,P,T,L,V
273,GGGGCACCAGGGACACTATATACGTTTCCGACATTGGTG,GaPgtLY+PTLV,G,P,L,Y,+,P,T,L,V
274,CAGGCACCAGGGACACTATATACGTTTCCGACATTGGTG,QaPgtLY+PTLV,Q,P,L,Y,+,P,T,L,V
275,GGGGCACAGGGACACTATATACGTTTCCGACATTGGTG,GaxgtLY+PTLV,G,x,L,Y,+,P,T,L,V
276,CAGGCACAGGGACACTATATACGTTTCCGACATTGGTG,QaxgtLY+PTLV,Q,x,L,Y,+,P,T,L,V
277,GGGGCACGAGGGACACGATTTACGTTTCCGACATTGGTG,GaRgtRF+PTLV,G,R,R,F,+,P,T,L,V
278,CAGGCACGAGGGACACGATTTACGTTTCCGACATTGGTG,QaRgtRF+PTLV,Q,R,R,F,+,P,T,L,V
279,GGGGCACCAGGGACACGATTTACGTTTCCGACATTGGTG,GaPgtRF+PTLV,G,P,R,F,+,P,T,L,V
280,CAGGCACCAGGGACACGATTTACGTTTCCGACATTGGTG,QaPgtRF+PTLV,Q,P,R,F,+,P,T,L,V
281,GGGGCACAGGGACACGATTTACGTTTCCGACATTGGTG,GaxgtRF+PTLV,G,x,R,F,+,P,T,L,V
282,CAGGCACAGGGACACGATTTACGTTTCCGACATTGGTG,QaxgtRF+PTLV,Q,x,R,F,+,P,T,L,V
283,GGGGCACGAGGGACACTATTTACGTTTCCGACATTGGTG,GaRgtLF+PTLV,G,R,L,F,+,P,T,L,V
284,CAGGCACGAGGGACACTATTTACGTTTCCGACATTGGTG,QaRgtLF+PTLV,Q,R,L,F,+,P,T,L,V
285,GGGGCACCAGGGACACTATTTACGTTTCCGACATTGGTG,GaPgtLF+PTLV,G,P,L,F,+,P,T,L,V
286,CAGGCACCAGGGACACTATTTACGTTTCCGACATTGGTG,QaPgtLF+PTLV,Q,P,L,F,+,P,T,L,V
287,GGGGCACAGGGACACTATTTACGTTTCCGACATTGGTG,GaxgtLF+PTLV,G,x,L,F,+,P,T,L,V
288,CAGGCACAGGGACACTATTTACGTTTCCGACATTGGTG,QaxgtLF+PTLV,Q,x,L,F,+,P,T,L,V
289,GGGGCACGAGGGACACGATATCAGTCATTGGTG,GaRgtRY-QSLV,G,R,R,Y,-,Q,S,L,V
290,CAGGCACGAGGGACACGATATCAGTCATTGGTG,QaRgtRY-QSLV,Q,R,R,Y,-,Q,S,L,V
291,GGGGCACCAGGGACACGATATCAGTCATTGGTG,GaPgtRY-QSLV,G,P,R,Y,-,Q,S,L,V
292,CAGGCACCAGGGACACGATATCAGTCATTGGTG,QaPgtRY-QSLV,Q,P,R,Y,-,Q,S,L,V
293,GGGGCACAGGGACACGATATCAGTCATTGGTG,GaxgtRY-QSLV,G,x,R,Y,-,Q,S,L,V
294,CAGGCACAGGGACACGATATCAGTCATTGGTG,QaxgtRY-QSLV,Q,x,R,Y,-,Q,S,L,V
295,GGGGCACGAGGGACACTATATCAGTCATTGGTG,GaRgtLY-QSLV,G,R,L,Y,-,Q,S,L,V
296,CAGGCACGAGGGACACTATATCAGTCATTGGTG,QaRgtLY-QSLV,Q,R,L,Y,-,Q,S,L,V
297,GGGGCACCAGGGACACTATATCAGTCATTGGTG,GaPgtLY-QSLV,G,P,L,Y,-,Q,S,L,V
298,CAGGCACCAGGGACACTATATCAGTCATTGGTG,QaPgtLY-QSLV,Q,P,L,Y,-,Q,S,L,V
299,GGGGCACAGGGACACTATATCAGTCATTGGTG,GaxgtLY-QSLV,G,x,L,Y,-,Q,S,L,V
300,CAGGCACAGGGACACTATATCAGTCATTGGTG,QaxgtLY-QSLV,Q,x,L,Y,-,Q,S,L,V
301,GGGGCACGAGGGACACGATTTCAGTCATTGGTG,GaRgtRF-QSLV,G,R,R,F,-,Q,S,L,V
302,CAGGCACGAGGGACACGATTTCAGTCATTGGTG,QaRgtRF-QSLV,Q,R,R,F,-,Q,S,L,V
303,GGGGCACCAGGGACACGATTTCAGTCATTGGTG,GaPgtRF-QSLV,G,P,R,F,-,Q,S,L,V
304,CAGGCACCAGGGACACGATTTCAGTCATTGGTG,QaPgtRF-QSLV,Q,P,R,F,-,Q,S,L,V
305,GGGGCACAGGGACACGATTTCAGTCATTGGTG,GaxgtRF-QSLV,G,x,R,F,-,Q,S,L,V
306,CAGGCACAGGGACACGATTTCAGTCATTGGTG,QaxgtRF-QSLV,Q,x,R,F,-,Q,S,L,V
307,GGGGCACGAGGGACACTATTTCAGTCATTGGTG,GaRgtLF-QSLV,G,R,L,F,-,Q,S,L,V
308,CAGGCACGAGGGACACTATTTCAGTCATTGGTG,QaRgtLF-QSLV,Q,R,L,F,-,Q,S,L,V
309,GGGGCACCAGGGACACTATTTCAGTCATTGGTG,GaPgtLF-QSLV,G,P,L,F,-,Q,S,L,V
310,CAGGCACCAGGGACACTATTTCAGTCATTGGTG,QaPgtLF-QSLV,Q,P,L,F,-,Q,S,L,V
311,GGGGCACAGGGACACTATTTCAGTCATTGGTG,GaxgtLF-QSLV,G,x,L,F,-,Q,S,L,V
312,CAGGCACAGGGACACTATTTCAGTCATTGGTG,QaxgtLF-QSLV,Q,x,L,F,-,Q,S,L,V
313,GGGGCACGAGGGACACGATATACGTTTCAGTCATTGGTG,GaRgtRY+QSLV,G,R,R,Y,+,Q,S,L,V
314,CAGGCACGAGGGACACGATATACGTTTCAGTCATTGGTG,QaRgtRY+QSLV,Q,R,R,Y,+,Q,S,L,V
315,GGGGCACCAGGGACACGATATACGTTTCAGTCATTGGTG,GaPgtRY+QSLV,G,P,R,Y,+,Q,S,L,V
316,CAGGCACCAGGGACACGATATACGTTTCAGTCATTGGTG,QaPgtRY+QSLV,Q,P,R,Y,+,Q,S,L,V
317,GGGGCACAGGGACACGATATACGTTTCAGTCATTGGTG,GaxgtRY+QSLV,G,x,R,Y,+,Q,S,L,V
318,CAGGCACAGGGACACGATATACGTTTCAGTCATTGGTG,QaxgtRY+QSLV,Q,x,R,Y,+,Q,S,L,V
319,GGGGCACGAGGGACACTATATACGTTTCAGTCATTGGTG,GaRgtLY+QSLV,G,R,L,Y,+,Q,S,L,V
320,CAGGCACGAGGGACACTATATACGTTTCAGTCATTGGTG,QaRgtLY+QSLV,Q,R,L,Y,+,Q,S,L,V
321,GGGGCACCAGGGACACTATATACGTTTCAGTCATTGGTG,GaPgtLY+QSLV,G,P,L,Y,+,Q,S,L,V
322,CAGGCACCAGGGACACTATATACGTTTCAGTCATTGGTG,QaPgtLY+QSLV,Q,P,L,Y,+,Q,S,L,V
323,GGGGCACAGGGACACTATATACGTTTCAGTCATTGGTG,GaxgtLY+QSLV,G,x,L,Y,+,Q,S,L,V
324,CAGGCACAGGGACACTATATACGTTTCAGTCATTGGTG,QaxgtLY+QSLV,Q,x,L,Y,+,Q,S,L,V
325,GGGGCACGAGGGACACGATTTACGTTTCAGTCATTGGTG,GaRgtRF+QSLV,G,R,R,F,+,Q,S,L,V
326,CAGGCACGAGGGACACGATTTACGTTTCAGTCATTGGTG,QaRgtRF+QSLV,Q,R,R,F,+,Q,S,L,V
327,GGGGCACCAGGGACACGATTTACGTTTCAGTCATTGGTG,GaPgtRF+QSLV,G,P,R,F,+,Q,S,L,V
328,CAGGCACCAGGGACACGATTTACGTTTCAGTCATTGGTG,QaPgtRF+QSLV,Q,P,R,F,+,Q,S,L,V
329,GGGGCACAGGGACACGATTTACGTTTCAGTCATTGGTG,GaxgtRF+QSLV,G,x,R,F,+,Q,S,L,V
330,CAGGCACAGGGACACGATTTACGTTTCAGTCATTGGTG,QaxgtRF+QSLV,Q,x,R,F,+,Q,S,L,V
331,GGGGCACGAGGGACACTATTTACGTTTCAGTCATTGGTG,GaRgtLF+QSLV,G,R,L,F,+,Q,S,L,V
332,CAGGCACGAGGGACACTATTTACGTTTCAGTCATTGGTG,QaRgtLF+QSLV,Q,R,L,F,+,Q,S,L,V
333,GGGGCACCAGGGACACTATTTACGTTTCAGTCATTGGTG,GaPgtLF+QSLV,G,P,L,F,+,Q,S,L,V
334,CAGGCACCAGGGACACTATTTACGTTTCAGTCATTGGTG,QaPgtLF+QSLV,Q,P,L,F,+,Q,S,L,V
335,GGGGCACAGGGACACTATTTACGTTTCAGTCATTGGTG,GaxgtLF+QSLV,G,x,L,F,+,Q,S,L,V
336,CAGGCACAGGGACACTATTTACGTTTCAGTCATTGGTG,QaxgtLF+QSLV,Q,x,L,F,+,Q,S,L,V
337,GGGGCACGAGGGACACGATATCCGTCATTGGTG,GaRgtRY-PSLV,G,R,R,Y,-,P,S,L,V
338,CAGGCACGAGGGACACGATATCCGTCATTGGTG,QaRgtRY-PSLV,Q,R,R,Y,-,P,S,L,V
339,GGGGCACCAGGGACACGATATCCGTCATTGGTG,GaPgtRY-PSLV,G,P,R,Y,-,P,S,L,V
340,CAGGCACCAGGGACACGATATCCGTCATTGGTG,QaPgtRY-PSLV,Q,P,R,Y,-,P,S,L,V
341,GGGGCACAGGGACACGATATCCGTCATTGGTG,GaxgtRY-PSLV,G,x,R,Y,-,P,S,L,V
342,CAGGCACAGGGACACGATATCCGTCATTGGTG,QaxgtRY-PSLV,Q,x,R,Y,-,P,S,L,V
343,GGGGCACGAGGGACACTATATCCGTCATTGGTG,GaRgtLY-PSLV,G,R,L,Y,-,P,S,L,V
344,CAGGCACGAGGGACACTATATCCGTCATTGGTG,QaRgtLY-PSLV,Q,R,L,Y,-,P,S,L,V
345,GGGGCACCAGGGACACTATATCCGTCATTGGTG,GaPgtLY-PSLV,G,P,L,Y,-,P,S,L,V
346,CAGGCACCAGGGACACTATATCCGTCATTGGTG,QaPgtLY-PSLV,Q,P,L,Y,-,P,S,L,V
347,GGGGCACAGGGACACTATATCCGTCATTGGTG,GaxgtLY-PSLV,G,x,L,Y,-,P,S,L,V
348,CAGGCACAGGGACACTATATCCGTCATTGGTG,QaxgtLY-PSLV,Q,x,L,Y,-,P,S,L,V
349,GGGGCACGAGGGACACGATTTCCGTCATTGGTG,GaRgtRF-PSLV,G,R,R,F,-,P,S,L,V
350,CAGGCACGAGGGACACGATTTCCGTCATTGGTG,QaRgtRF-PSLV,Q,R,R,F,-,P,S,L,V
351,GGGGCACCAGGGACACGATTTCCGTCATTGGTG,GaPgtRF-PSLV,G,P,R,F,-,P,S,L,V
352,CAGGCACCAGGGACACGATTTCCGTCATTGGTG,QaPgtRF-PSLV,Q,P,R,F,-,P,S,L,V
353,GGGGCACAGGGACACGATTTCCGTCATTGGTG,GaxgtRF-PSLV,G,x,R,F,-,P,S,L,V
354,CAGGCACAGGGACACGATTTCCGTCATTGGTG,QaxgtRF-PSLV,Q,x,R,F,-,P,S,L,V
355,GGGGCACGAGGGACACTATTTCCGTCATTGGTG,GaRgtLF-PSLV,G,R,L,F,-,P,S,L,V
356,CAGGCACGAGGGACACTATTTCCGTCATTGGTG,QaRgtLF-PSLV,Q,R,L,F,-,P,S,L,V
357,GGGGCACCAGGGACACTATTTCCGTCATTGGTG,GaPgtLF-PSLV,G,P,L,F,-,P,S,L,V
358,CAGGCACCAGGGACACTATTTCCGTCATTGGTG,QaPgtLF-PSLV,Q,P,L,F,-,P,S,L,V
359,GGGGCACAGGGACACTATTTCCGTCATTGGTG,GaxgtLF-PSLV,G,x,L,F,-,P,S,L,V
360,CAGGCACAGGGACACTATTTCCGTCATTGGTG,QaxgtLF-PSLV,Q,x,L,F,-,P,S,L,V
361,GGGGCACGAGGGACACGATATACGTTTCCGTCATTGGTG,GaRgtRY+PSLV,G,R,R,Y,+,P,S,L,V
362,CAGGCACGAGGGACACGATATACGTTTCCGTCATTGGTG,QaRgtRY+PSLV,Q,R,R,Y,+,P,S,L,V
363,GGGGCACCAGGGACACGATATACGTTTCCGTCATTGGTG,GaPgtRY+PSLV,G,P,R,Y,+,P,S,L,V
364,CAGGCACCAGGGACACGATATACGTTTCCGTCATTGGTG,QaPgtRY+PSLV,Q,P,R,Y,+,P,S,L,V
365,GGGGCACAGGGACACGATATACGTTTCCGTCATTGGTG,GaxgtRY+PSLV,G,x,R,Y,+,P,S,L,V
366,CAGGCACAGGGACACGATATACGTTTCCGTCATTGGTG,QaxgtRY+PSLV,Q,x,R,Y,+,P,S,L,V
367,GGGGCACGAGGGACACTATATACGTTTCCGTCATTGGTG,GaRgtLY+PSLV,G,R,L,Y,+,P,S,L,V
368,CAGGCACGAGGGACACTATATACGTTTCCGTCATTGGTG,QaRgtLY+PSLV,Q,R,L,Y,+,P,S,L,V
369,GGGGCACCAGGGACACTATATACGTTTCCGTCATTGGTG,GaPgtLY+PSLV,G,P,L,Y,+,P,S,L,V
370,CAGGCACCAGGGACACTATATACGTTTCCGTCATTGGTG,QaPgtLY+PSLV,Q,P,L,Y,+,P,S,L,V
371,GGGGCACAGGGACACTATATACGTTTCCGTCATTGGTG,GaxgtLY+PSLV,G,x,L,Y,+,P,S,L,V
372,CAGGCACAGGGACACTATATACGTTTCCGTCATTGGTG,QaxgtLY+PSLV,Q,x,L,Y,+,P,S,L,V
373,GGGGCACGAGGGACACGATTTACGTTTCCGTCATTGGTG,GaRgtRF+PSLV,G,R,R,F,+,P,S,L,V
374,CAGGCACGAGGGACACGATTTACGTTTCCGTCATTGGTG,QaRgtRF+PSLV,Q,R,R,F,+,P,S,L,V
375,GGGGCACCAGGGACACGATTTACGTTTCCGTCATTGGTG,GaPgtRF+PSLV,G,P,R,F,+,P,S,L,V
376,CAGGCACCAGGGACACGATTTACGTTTCCGTCATTGGTG,QaPgtRF+PSLV,Q,P,R,F,+,P,S,L,V
377,GGGGCACAGGGACACGATTTACGTTTCCGTCATTGGTG,GaxgtRF+PSLV,G,x,R,F,+,P,S,L,V
378,CAGGCACAGGGACACGATTTACGTTTCCGTCATTGGTG,QaxgtRF+PSLV,Q,x,R,F,+,P,S,L,V
379,GGGGCACGAGGGACACTATTTACGTTTCCGTCATTGGTG,GaRgtLF+PSLV,G,R,L,F,+,P,S,L,V
380,CAGGCACGAGGGACACTATTTACGTTTCCGTCATTGGTG,QaRgtLF+PSLV,Q,R,L,F,+,P,S,L,V
381,GGGGCACCAGGGACACTATTTACGTTTCCGTCATTGGTG,GaPgtLF+PSLV,G,P,L,F,+,P,S,L,V
382,CAGGCACCAGGGACACTATTTACGTTTCCGTCATTGGTG,QaPgtLF+PSLV,Q,P,L,F,+,P,S,L,V
383,GGGGCACAGGGACACTATTTACGTTTCCGTCATTGGTG,GaxgtLF+PSLV,G,x,L,F,+,P,S,L,V
384,CAGGCACAGGGACACTATTTACGTTTCCGTCATTGGTG,QaxgtLF+PSLV,Q,x,L,F,+,P,S,L,V
385,GGGGCACGAGGGACACGATATCAGACATTTACG,GaRgtRY-QTFT,G,R,R,Y,-,Q,T,F,T
387,GGGGCACCAGGGACACGATATCAGACATTTACG,GaPgtRY-QTFT,G,P,R,Y,-,Q,T,F,T
389,GGGGCACAGGGACACGATATCAGACATTTACG,GaxgtRY-QTFT,G,x,R,Y,-,Q,T,F,T
391,GGGGCACGAGGGACACTATATCAGACATTTACG,GaRgtLY-QTFT,G,R,L,Y,-,Q,T,F,T
393,GGGGCACCAGGGACACTATATCAGACATTTACG,GaPgtLY-QTFT,G,P,L,Y,-,Q,T,F,T
395,GGGGCACAGGGACACTATATCAGACATTTACG,GaxgtLY-QTFT,G,x,L,Y,-,Q,T,F,T
397,GGGGCACGAGGGACACGATTTCAGACATTTACG,GaRgtRF-QTFT,G,R,R,F,-,Q,T,F,T
399,GGGGCACCAGGGACACGATTTCAGACATTTACG,GaPgtRF-QTFT,G,P,R,F,-,Q,T,F,T
401,GGGGCACAGGGACACGATTTCAGACATTTACG,GaxgtRF-QTFT,G,x,R,F,-,Q,T,F,T
403,GGGGCACGAGGGACACTATTTCAGACATTTACG,GaRgtLF-QTFT,G,R,L,F,-,Q,T,F,T
405,GGGGCACCAGGGACACTATTTCAGACATTTACG,GaPgtLF-QTFT,G,P,L,F,-,Q,T,F,T
407,GGGGCACAGGGACACTATTTCAGACATTTACG,GaxgtLF-QTFT,G,x,L,F,-,Q,T,F,T
409,GGGGCACGAGGGACACGATATACGTTTCAGACATTTACG,GaRgtRY+QTFT,G,R,R,Y,+,Q,T,F,T
410,CAGGCACGAGGGACACGATATACGTTTCAGACATTTACG,QaRgtRY+QTFT,Q,R,R,Y,+,Q,T,F,T
411,GGGGCACCAGGGACACGATATACGTTTCAGACATTTACG,GaPgtRY+QTFT,G,P,R,Y,+,Q,T,F,T
412,CAGGCACCAGGGACACGATATACGTTTCAGACATTTACG,QaPgtRY+QTFT,Q,P,R,Y,+,Q,T,F,T
413,GGGGCACAGGGACACGATATACGTTTCAGACATTTACG,GaxgtRY+QTFT,G,x,R,Y,+,Q,T,F,T
414,CAGGCACAGGGACACGATATACGTTTCAGACATTTACG,QaxgtRY+QTFT,Q,x,R,Y,+,Q,T,F,T
415,GGGGCACGAGGGACACTATATACGTTTCAGACATTTACG,GaRgtLY+QTFT,G,R,L,Y,+,Q,T,F,T
416,CAGGCACGAGGGACACTATATACGTTTCAGACATTTACG,QaRgtLY+QTFT,Q,R,L,Y,+,Q,T,F,T
417,GGGGCACCAGGGACACTATATACGTTTCAGACATTTACG,GaPgtLY+QTFT,G,P,L,Y,+,Q,T,F,T
418,CAGGCACCAGGGACACTATATACGTTTCAGACATTTACG,QaPgtLY+QTFT,Q,P,L,Y,+,Q,T,F,T
419,GGGGCACAGGGACACTATATACGTTTCAGACATTTACG,GaxgtLY+QTFT,G,x,L,Y,+,Q,T,F,T
420,CAGGCACAGGGACACTATATACGTTTCAGACATTTACG,QaxgtLY+QTFT,Q,x,L,Y,+,Q,T,F,T
421,GGGGCACGAGGGACACGATTTACGTTTCAGACATTTACG,GaRgtRF+QTFT,G,R,R,F,+,Q,T,F,T
422,CAGGCACGAGGGACACGATTTACGTTTCAGACATTTACG,QaRgtRF+QTFT,Q,R,R,F,+,Q,T,F,T
423,GGGGCACCAGGGACACGATTTACGTTTCAGACATTTACG,GaPgtRF+QTFT,G,P,R,F,+,Q,T,F,T
424,CAGGCACCAGGGACACGATTTACGTTTCAGACATTTACG,QaPgtRF+QTFT,Q,P,R,F,+,Q,T,F,T
425,GGGGCACAGGGACACGATTTACGTTTCAGACATTTACG,GaxgtRF+QTFT,G,x,R,F,+,Q,T,F,T
426,CAGGCACAGGGACACGATTTACGTTTCAGACATTTACG,QaxgtRF+QTFT,Q,x,R,F,+,Q,T,F,T
427,GGGGCACGAGGGACACTATTTACGTTTCAGACATTTACG,GaRgtLF+QTFT,G,R,L,F,+,Q,T,F,T
428,CAGGCACGAGGGACACTATTTACGTTTCAGACATTTACG,QaRgtLF+QTFT,Q,R,L,F,+,Q,T,F,T
429,GGGGCACCAGGGACACTATTTACGTTTCAGACATTTACG,GaPgtLF+QTFT,G,P,L,F,+,Q,T,F,T
430,CAGGCACCAGGGACACTATTTACGTTTCAGACATTTACG,QaPgtLF+QTFT,Q,P,L,F,+,Q,T,F,T
431,GGGGCACAGGGACACTATTTACGTTTCAGACATTTACG,GaxgtLF+QTFT,G,x,L,F,+,Q,T,F,T
432,CAGGCACAGGGACACTATTTACGTTTCAGACATTTACG,QaxgtLF+QTFT,Q,x,L,F,+,Q,T,F,T
433,GGGGCACGAGGGACACGATATCCGACATTTACG,GaRgtRY-PTFT,G,R,R,Y,-,P,T,F,T
435,GGGGCACCAGGGACACGATATCCGACATTTACG,GaPgtRY-PTFT,G,P,R,Y,-,P,T,F,T
437,GGGGCACAGGGACACGATATCCGACATTTACG,GaxgtRY-PTFT,G,x,R,Y,-,P,T,F,T
439,GGGGCACGAGGGACACTATATCCGACATTTACG,GaRgtLY-PTFT,G,R,L,Y,-,P,T,F,T
441,GGGGCACCAGGGACACTATATCCGACATTTACG,GaPgtLY-PTFT,G,P,L,Y,-,P,T,F,T
443,GGGGCACAGGGACACTATATCCGACATTTACG,GaxgtLY-PTFT,G,x,L,Y,-,P,T,F,T
445,GGGGCACGAGGGACACGATTTCCGACATTTACG,GaRgtRF-PTFT,G,R,R,F,-,P,T,F,T
447,GGGGCACCAGGGACACGATTTCCGACATTTACG,GaPgtRF-PTFT,G,P,R,F,-,P,T,F,T
449,GGGGCACAGGGACACGATTTCCGACATTTACG,GaxgtRF-PTFT,G,x,R,F,-,P,T,F,T
451,GGGGCACGAGGGACACTATTTCCGACATTTACG,GaRgtLF-PTFT,G,R,L,F,-,P,T,F,T
453,GGGGCACCAGGGACACTATTTCCGACATTTACG,GaPgtLF-PTFT,G,P,L,F,-,P,T,F,T
455,GGGGCACAGGGACACTATTTCCGACATTTACG,GaxgtLF-PTFT,G,x,L,F,-,P,T,F,T
457,GGGGCACGAGGGACACGATATACGTTTCCGACATTTACG,GaRgtRY+PTFT,G,R,R,Y,+,P,T,F,T
458,CAGGCACGAGGGACACGATATACGTTTCCGACATTTACG,QaRgtRY+PTFT,Q,R,R,Y,+,P,T,F,T
459,GGGGCACCAGGGACACGATATACGTTTCCGACATTTACG,GaPgtRY+PTFT,G,P,R,Y,+,P,T,F,T
460,CAGGCACCAGGGACACGATATACGTTTCCGACATTTACG,QaPgtRY+PTFT,Q,P,R,Y,+,P,T,F,T
461,GGGGCACAGGGACACGATATACGTTTCCGACATTTACG,GaxgtRY+PTFT,G,x,R,Y,+,P,T,F,T
462,CAGGCACAGGGACACGATATACGTTTCCGACATTTACG,QaxgtRY+PTFT,Q,x,R,Y,+,P,T,F,T
463,GGGGCACGAGGGACACTATATACGTTTCCGACATTTACG,GaRgtLY+PTFT,G,R,L,Y,+,P,T,F,T
464,CAGGCACGAGGGACACTATATACGTTTCCGACATTTACG,QaRgtLY+PTFT,Q,R,L,Y,+,P,T,F,T
465,GGGGCACCAGGGACACTATATACGTTTCCGACATTTACG,GaPgtLY+PTFT,G,P,L,Y,+,P,T,F,T
466,CAGGCACCAGGGACACTATATACGTTTCCGACATTTACG,QaPgtLY+PTFT,Q,P,L,Y,+,P,T,F,T
467,GGGGCACAGGGACACTATATACGTTTCCGACATTTACG,GaxgtLY+PTFT,G,x,L,Y,+,P,T,F,T
468,CAGGCACAGGGACACTATATACGTTTCCGACATTTACG,QaxgtLY+PTFT,Q,x,L,Y,+,P,T,F,T
469,GGGGCACGAGGGACACGATTTACGTTTCCGACATTTACG,GaRgtRF+PTFT,G,R,R,F,+,P,T,F,T
470,CAGGCACGAGGGACACGATTTACGTTTCCGACATTTACG,QaRgtRF+PTFT,Q,R,R,F,+,P,T,F,T
471,GGGGCACCAGGGACACGATTTACGTTTCCGACATTTACG,GaPgtRF+PTFT,G,P,R,F,+,P,T,F,T
472,CAGGCACCAGGGACACGATTTACGTTTCCGACATTTACG,QaPgtRF+PTFT,Q,P,R,F,+,P,T,F,T
473,GGGGCACAGGGACACGATTTACGTTTCCGACATTTACG,GaxgtRF+PTFT,G,x,R,F,+,P,T,F,T
474,CAGGCACAGGGACACGATTTACGTTTCCGACATTTACG,QaxgtRF+PTFT,Q,x,R,F,+,P,T,F,T
475,GGGGCACGAGGGACACTATTTACGTTTCCGACATTTACG,GaRgtLF+PTFT,G,R,L,F,+,P,T,F,T
476,CAGGCACGAGGGACACTATTTACGTTTCCGACATTTACG,QaRgtLF+PTFT,Q,R,L,F,+,P,T,F,T
477,GGGGCACCAGGGACACTATTTACGTTTCCGACATTTACG,GaPgtLF+PTFT,G,P,L,F,+,P,T,F,T
478,CAGGCACCAGGGACACTATTTACGTTTCCGACATTTACG,QaPgtLF+PTFT,Q,P,L,F,+,P,T,F,T
479,GGGGCACAGGGACACTATTTACGTTTCCGACATTTACG,GaxgtLF+PTFT,G,x,L,F,+,P,T,F,T
480,CAGGCACAGGGACACTATTTACGTTTCCGACATTTACG,QaxgtLF+PTFT,Q,x,L,F,+,P,T,F,T
481,GGGGCACGAGGGACACGATATCAGTCATTTACG,GaRgtRY-QSFT,G,R,R,Y,-,Q,S,F,T
483,GGGGCACCAGGGACACGATATCAGTCATTTACG,GaPgtRY-QSFT,G,P,R,Y,-,Q,S,F,T
485,GGGGCACAGGGACACGATATCAGTCATTTACG,GaxgtRY-QSFT,G,x,R,Y,-,Q,S,F,T
487,GGGGCACGAGGGACACTATATCAGTCATTTACG,GaRgtLY-QSFT,G,R,L,Y,-,Q,S,F,T
489,GGGGCACCAGGGACACTATATCAGTCATTTACG,GaPgtLY-QSFT,G,P,L,Y,-,Q,S,F,T
491,GGGGCACAGGGACACTATATCAGTCATTTACG,GaxgtLY-QSFT,G,x,L,Y,-,Q,S,F,T
493,GGGGCACGAGGGACACGATTTCAGTCATTTACG,GaRgtRF-QSFT,G,R,R,F,-,Q,S,F,T
495,GGGGCACCAGGGACACGATTTCAGTCATTTACG,GaPgtRF-QSFT,G,P,R,F,-,Q,S,F,T
497,GGGGCACAGGGACACGATTTCAGTCATTTACG,GaxgtRF-QSFT,G,x,R,F,-,Q,S,F,T
499,GGGGCACGAGGGACACTATTTCAGTCATTTACG,GaRgtLF-QSFT,G,R,L,F,-,Q,S,F,T
501,GGGGCACCAGGGACACTATTTCAGTCATTTACG,GaPgtLF-QSFT,G,P,L,F,-,Q,S,F,T
503,GGGGCACAGGGACACTATTTCAGTCATTTACG,GaxgtLF-QSFT,G,x,L,F,-,Q,S,F,T
505,GGGGCACGAGGGACACGATATACGTTTCAGTCATTTACG,GaRgtRY+QSFT,G,R,R,Y,+,Q,S,F,T
506,CAGGCACGAGGGACACGATATACGTTTCAGTCATTTACG,QaRgtRY+QSFT,Q,R,R,Y,+,Q,S,F,T
507,GGGGCACCAGGGACACGATATACGTTTCAGTCATTTACG,GaPgtRY+QSFT,G,P,R,Y,+,Q,S,F,T
508,CAGGCACCAGGGACACGATATACGTTTCAGTCATTTACG,QaPgtRY+QSFT,Q,P,R,Y,+,Q,S,F,T
509,GGGGCACAGGGACACGATATACGTTTCAGTCATTTACG,GaxgtRY+QSFT,G,x,R,Y,+,Q,S,F,T
510,CAGGCACAGGGACACGATATACGTTTCAGTCATTTACG,QaxgtRY+QSFT,Q,x,R,Y,+,Q,S,F,T
511,GGGGCACGAGGGACACTATATACGTTTCAGTCATTTACG,GaRgtLY+QSFT,G,R,L,Y,+,Q,S,F,T
512,CAGGCACGAGGGACACTATATACGTTTCAGTCATTTACG,QaRgtLY+QSFT,Q,R,L,Y,+,Q,S,F,T
513,GGGGCACCAGGGACACTATATACGTTTCAGTCATTTACG,GaPgtLY+QSFT,G,P,L,Y,+,Q,S,F,T
514,CAGGCACCAGGGACACTATATACGTTTCAGTCATTTACG,QaPgtLY+QSFT,Q,P,L,Y,+,Q,S,F,T
515,GGGGCACAGGGACACTATATACGTTTCAGTCATTTACG,GaxgtLY+QSFT,G,x,L,Y,+,Q,S,F,T
516,CAGGCACAGGGACACTATATACGTTTCAGTCATTTACG,QaxgtLY+QSFT,Q,x,L,Y,+,Q,S,F,T
517,GGGGCACGAGGGACACGATTTACGTTTCAGTCATTTACG,GaRgtRF+QSFT,G,R,R,F,+,Q,S,F,T
518,CAGGCACGAGGGACACGATTTACGTTTCAGTCATTTACG,QaRgtRF+QSFT,Q,R,R,F,+,Q,S,F,T
519,GGGGCACCAGGGACACGATTTACGTTTCAGTCATTTACG,GaPgtRF+QSFT,G,P,R,F,+,Q,S,F,T
520,CAGGCACCAGGGACACGATTTACGTTTCAGTCATTTACG,QaPgtRF+QSFT,Q,P,R,F,+,Q,S,F,T
521,GGGGCACAGGGACACGATTTACGTTTCAGTCATTTACG,GaxgtRF+QSFT,G,x,R,F,+,Q,S,F,T
522,CAGGCACAGGGACACGATTTACGTTTCAGTCATTTACG,QaxgtRF+QSFT,Q,x,R,F,+,Q,S,F,T
523,GGGGCACGAGGGACACTATTTACGTTTCAGTCATTTACG,GaRgtLF+QSFT,G,R,L,F,+,Q,S,F,T
524,CAGGCACGAGGGACACTATTTACGTTTCAGTCATTTACG,QaRgtLF+QSFT,Q,R,L,F,+,Q,S,F,T
525,GGGGCACCAGGGACACTATTTACGTTTCAGTCATTTACG,GaPgtLF+QSFT,G,P,L,F,+,Q,S,F,T
526,CAGGCACCAGGGACACTATTTACGTTTCAGTCATTTACG,QaPgtLF+QSFT,Q,P,L,F,+,Q,S,F,T
527,GGGGCACAGGGACACTATTTACGTTTCAGTCATTTACG,GaxgtLF+QSFT,G,x,L,F,+,Q,S,F,T
528,CAGGCACAGGGACACTATTTACGTTTCAGTCATTTACG,QaxgtLF+QSFT,Q,x,L,F,+,Q,S,F,T
529,GGGGCACGAGGGACACGATATCCGTCATTTACG,GaRgtRY-PSFT,G,R,R,Y,-,P,S,F,T
531,GGGGCACCAGGGACACGATATCCGTCATTTACG,GaPgtRY-PSFT,G,P,R,Y,-,P,S,F,T
533,GGGGCACAGGGACACGATATCCGTCATTTACG,GaxgtRY-PSFT,G,x,R,Y,-,P,S,F,T
535,GGGGCACGAGGGACACTATATCCGTCATTTACG,GaRgtLY-PSFT,G,R,L,Y,-,P,S,F,T
537,GGGGCACCAGGGACACTATATCCGTCATTTACG,GaPgtLY-PSFT,G,P,L,Y,-,P,S,F,T
539,GGGGCACAGGGACACTATATCCGTCATTTACG,GaxgtLY-PSFT,G,x,L,Y,-,P,S,F,T
541,GGGGCACGAGGGACACGATTTCCGTCATTTACG,GaRgtRF-PSFT,G,R,R,F,-,P,S,F,T
543,GGGGCACCAGGGACACGATTTCCGTCATTTACG,GaPgtRF-PSFT,G,P,R,F,-,P,S,F,T
545,GGGGCACAGGGACACGATTTCCGTCATTTACG,GaxgtRF-PSFT,G,x,R,F,-,P,S,F,T
547,GGGGCACGAGGGACACTATTTCCGTCATTTACG,GaRgtLF-PSFT,G,R,L,F,-,P,S,F,T
549,GGGGCACCAGGGACACTATTTCCGTCATTTACG,GaPgtLF-PSFT,G,P,L,F,-,P,S,F,T
551,GGGGCACAGGGACACTATTTCCGTCATTTACG,GaxgtLF-PSFT,G,x,L,F,-,P,S,F,T
553,GGGGCACGAGGGACACGATATACGTTTCCGTCATTTACG,GaRgtRY+PSFT,G,R,R,Y,+,P,S,F,T
554,CAGGCACGAGGGACACGATATACGTTTCCGTCATTTACG,QaRgtRY+PSFT,Q,R,R,Y,+,P,S,F,T
555,GGGGCACCAGGGACACGATATACGTTTCCGTCATTTACG,GaPgtRY+PSFT,G,P,R,Y,+,P,S,F,T
556,CAGGCACCAGGGACACGATATACGTTTCCGTCATTTACG,QaPgtRY+PSFT,Q,P,R,Y,+,P,S,F,T
557,GGGGCACAGGGACACGATATACGTTTCCGTCATTTACG,GaxgtRY+PSFT,G,x,R,Y,+,P,S,F,T
558,CAGGCACAGGGACACGATATACGTTTCCGTCATTTACG,QaxgtRY+PSFT,Q,x,R,Y,+,P,S,F,T
559,GGGGCACGAGGGACACTATATACGTTTCCGTCATTTACG,GaRgtLY+PSFT,G,R,L,Y,+,P,S,F,T
560,CAGGCACGAGGGACACTATATACGTTTCCGTCATTTACG,QaRgtLY+PSFT,Q,R,L,Y,+,P,S,F,T
561,GGGGCACCAGGGACACTATATACGTTTCCGTCATTTACG,GaPgtLY+PSFT,G,P,L,Y,+,P,S,F,T
562,CAGGCACCAGGGACACTATATACGTTTCCGTCATTTACG,QaPgtLY+PSFT,Q,P,L,Y,+,P,S,F,T
563,GGGGCACAGGGACACTATATACGTTTCCGTCATTTACG,GaxgtLY+PSFT,G,x,L,Y,+,P,S,F,T
564,CAGGCACAGGGACACTATATACGTTTCCGTCATTTACG,QaxgtLY+PSFT,Q,x,L,Y,+,P,S,F,T
565,GGGGCACGAGGGACACGATTTACGTTTCCGTCATTTACG,GaRgtRF+PSFT,G,R,R,F,+,P,S,F,T
566,CAGGCACGAGGGACACGATTTACGTTTCCGTCATTTACG,QaRgtRF+PSFT,Q,R,R,F,+,P,S,F,T
567,GGGGCACCAGGGACACGATTTACGTTTCCGTCATTTACG,GaPgtRF+PSFT,G,P,R,F,+,P,S,F,T
568,CAGGCACCAGGGACACGATTTACGTTTCCGTCATTTACG,QaPgtRF+PSFT,Q,P,R,F,+,P,S,F,T
569,GGGGCACAGGGACACGATTTACGTTTCCGTCATTTACG,GaxgtRF+PSFT,G,x,R,F,+,P,S,F,T
570,CAGGCACAGGGACACGATTTACGTTTCCGTCATTTACG,QaxgtRF+PSFT,Q,x,R,F,+,P,S,F,T
571,GGGGCACGAGGGACACTATTTACGTTTCCGTCATTTACG,GaRgtLF+PSFT,G,R,L,F,+,P,S,F,T
572,CAGGCACGAGGGACACTATTTACGTTTCCGTCATTTACG,QaRgtLF+PSFT,Q,R,L,F,+,P,S,F,T
573,GGGGCACCAGGGACACTATTTACGTTTCCGTCATTTACG,GaPgtLF+PSFT,G,P,L,F,+,P,S,F,T
574,CAGGCACCAGGGACACTATTTACGTTTCCGTCATTTACG,QaPgtLF+PSFT,Q,P,L,F,+,P,S,F,T
575,GGGGCACAGGGACACTATTTACGTTTCCGTCATTTACG,GaxgtLF+PSFT,G,x,L,F,+,P,S,F,T
576,CAGGCACAGGGACACTATTTACGTTTCCGTCATTTACG,QaxgtLF+PSFT,Q,x,L,F,+,P,S,F,T
577,GGGGCACGAGGGACACGATATCAGACATTGACG,GaRgtRY-QTLT,G,R,R,Y,-,Q,T,L,T
579,GGGGCACCAGGGACACGATATCAGACATTGACG,GaPgtRY-QTLT,G,P,R,Y,-,Q,T,L,T
581,GGGGCACAGGGACACGATATCAGACATTGACG,GaxgtRY-QTLT,G,x,R,Y,-,Q,T,L,T
583,GGGGCACGAGGGACACTATATCAGACATTGACG,GaRgtLY-QTLT,G,R,L,Y,-,Q,T,L,T
585,GGGGCACCAGGGACACTATATCAGACATTGACG,GaPgtLY-QTLT,G,P,L,Y,-,Q,T,L,T
587,GGGGCACAGGGACACTATATCAGACATTGACG,GaxgtLY-QTLT,G,x,L,Y,-,Q,T,L,T
589,GGGGCACGAGGGACACGATTTCAGACATTGACG,GaRgtRF-QTLT,G,R,R,F,-,Q,T,L,T
591,GGGGCACCAGGGACACGATTTCAGACATTGACG,GaPgtRF-QTLT,G,P,R,F,-,Q,T,L,T
593,GGGGCACAGGGACACGATTTCAGACATTGACG,GaxgtRF-QTLT,G,x,R,F,-,Q,T,L,T
595,GGGGCACGAGGGACACTATTTCAGACATTGACG,GaRgtLF-QTLT,G,R,L,F,-,Q,T,L,T
597,GGGGCACCAGGGACACTATTTCAGACATTGACG,GaPgtLF-QTLT,G,P,L,F,-,Q,T,L,T
599,GGGGCACAGGGACACTATTTCAGACATTGACG,GaxgtLF-QTLT,G,x,L,F,-,Q,T,L,T
601,GGGGCACGAGGGACACGATATACGTTTCAGACATTGACG,GaRgtRY+QTLT,G,R,R,Y,+,Q,T,L,T
602,CAGGCACGAGGGACACGATATACGTTTCAGACATTGACG,QaRgtRY+QTLT,Q,R,R,Y,+,Q,T,L,T
603,GGGGCACCAGGGACACGATATACGTTTCAGACATTGACG,GaPgtRY+QTLT,G,P,R,Y,+,Q,T,L,T
604,CAGGCACCAGGGACACGATATACGTTTCAGACATTGACG,QaPgtRY+QTLT,Q,P,R,Y,+,Q,T,L,T
605,GGGGCACAGGGACACGATATACGTTTCAGACATTGACG,GaxgtRY+QTLT,G,x,R,Y,+,Q,T,L,T
606,CAGGCACAGGGACACGATATACGTTTCAGACATTGACG,QaxgtRY+QTLT,Q,x,R,Y,+,Q,T,L,T
607,GGGGCACGAGGGACACTATATACGTTTCAGACATTGACG,GaRgtLY+QTLT,G,R,L,Y,+,Q,T,L,T
608,CAGGCACGAGGGACACTATATACGTTTCAGACATTGACG,QaRgtLY+QTLT,Q,R,L,Y,+,Q,T,L,T
609,GGGGCACCAGGGACACTATATACGTTTCAGACATTGACG,GaPgtLY+QTLT,G,P,L,Y,+,Q,T,L,T
610,CAGGCACCAGGGACACTATATACGTTTCAGACATTGACG,QaPgtLY+QTLT,Q,P,L,Y,+,Q,T,L,T
611,GGGGCACAGGGACACTATATACGTTTCAGACATTGACG,GaxgtLY+QTLT,G,x,L,Y,+,Q,T,L,T
612,CAGGCACAGGGACACTATATACGTTTCAGACATTGACG,QaxgtLY+QTLT,Q,x,L,Y,+,Q,T,L,T
613,GGGGCACGAGGGACACGATTTACGTTTCAGACATTGACG,GaRgtRF+QTLT,G,R,R,F,+,Q,T,L,T
614,CAGGCACGAGGGACACGATTTACGTTTCAGACATTGACG,QaRgtRF+QTLT,Q,R,R,F,+,Q,T,L,T
615,GGGGCACCAGGGACACGATTTACGTTTCAGACATTGACG,GaPgtRF+QTLT,G,P,R,F,+,Q,T,L,T
616,CAGGCACCAGGGACACGATTTACGTTTCAGACATTGACG,QaPgtRF+QTLT,Q,P,R,F,+,Q,T,L,T
617,GGGGCACAGGGACACGATTTACGTTTCAGACATTGACG,GaxgtRF+QTLT,G,x,R,F,+,Q,T,L,T
618,CAGGCACAGGGACACGATTTACGTTTCAGACATTGACG,QaxgtRF+QTLT,Q,x,R,F,+,Q,T,L,T
619,GGGGCACGAGGGACACTATTTACGTTTCAGACATTGACG,GaRgtLF+QTLT,G,R,L,F,+,Q,T,L,T
620,CAGGCACGAGGGACACTATTTACGTTTCAGACATTGACG,QaRgtLF+QTLT,Q,R,L,F,+,Q,T,L,T
621,GGGGCACCAGGGACACTATTTACGTTTCAGACATTGACG,GaPgtLF+QTLT,G,P,L,F,+,Q,T,L,T
622,CAGGCACCAGGGACACTATTTACGTTTCAGACATTGACG,QaPgtLF+QTLT,Q,P,L,F,+,Q,T,L,T
623,GGGGCACAGGGACACTATTTACGTTTCAGACATTGACG,GaxgtLF+QTLT,G,x,L,F,+,Q,T,L,T
624,CAGGCACAGGGACACTATTTACGTTTCAGACATTGACG,QaxgtLF+QTLT,Q,x,L,F,+,Q,T,L,T
625,GGGGCACGAGGGACACGATATCCGACATTGACG,GaRgtRY-PTLT,G,R,R,Y,-,P,T,L,T
627,GGGGCACCAGGGACACGATATCCGACATTGACG,GaPgtRY-PTLT,G,P,R,Y,-,P,T,L,T
629,GGGGCACAGGGACACGATATCCGACATTGACG,GaxgtRY-PTLT,G,x,R,Y,-,P,T,L,T
631,GGGGCACGAGGGACACTATATCCGACATTGACG,GaRgtLY-PTLT,G,R,L,Y,-,P,T,L,T
633,GGGGCACCAGGGACACTATATCCGACATTGACG,GaPgtLY-PTLT,G,P,L,Y,-,P,T,L,T
635,GGGGCACAGGGACACTATATCCGACATTGACG,GaxgtLY-PTLT,G,x,L,Y,-,P,T,L,T
637,GGGGCACGAGGGACACGATTTCCGACATTGACG,GaRgtRF-PTLT,G,R,R,F,-,P,T,L,T
639,GGGGCACCAGGGACACGATTTCCGACATTGACG,GaPgtRF-PTLT,G,P,R,F,-,P,T,L,T
641,GGGGCACAGGGACACGATTTCCGACATTGACG,GaxgtRF-PTLT,G,x,R,F,-,P,T,L,T
643,GGGGCACGAGGGACACTATTTCCGACATTGACG,GaRgtLF-PTLT,G,R,L,F,-,P,T,L,T
645,GGGGCACCAGGGACACTATTTCCGACATTGACG,GaPgtLF-PTLT,G,P,L,F,-,P,T,L,T
647,GGGGCACAGGGACACTATTTCCGACATTGACG,GaxgtLF-PTLT,G,x,L,F,-,P,T,L,T
649,GGGGCACGAGGGACACGATATACGTTTCCGACATTGACG,GaRgtRY+PTLT,G,R,R,Y,+,P,T,L,T
650,CAGGCACGAGGGACACGATATACGTTTCCGACATTGACG,QaRgtRY+PTLT,Q,R,R,Y,+,P,T,L,T
651,GGGGCACCAGGGACACGATATACGTTTCCGACATTGACG,GaPgtRY+PTLT,G,P,R,Y,+,P,T,L,T
652,CAGGCACCAGGGACACGATATACGTTTCCGACATTGACG,QaPgtRY+PTLT,Q,P,R,Y,+,P,T,L,T
653,GGGGCACAGGGACACGATATACGTTTCCGACATTGACG,GaxgtRY+PTLT,G,x,R,Y,+,P,T,L,T
654,CAGGCACAGGGACACGATATACGTTTCCGACATTGACG,QaxgtRY+PTLT,Q,x,R,Y,+,P,T,L,T
655,GGGGCACGAGGGACACTATATACGTTTCCGACATTGACG,GaRgtLY+PTLT,G,R,L,Y,+,P,T,L,T
656,CAGGCACGAGGGACACTATATACGTTTCCGACATTGACG,QaRgtLY+PTLT,Q,R,L,Y,+,P,T,L,T
657,GGGGCACCAGGGACACTATATACGTTTCCGACATTGACG,GaPgtLY+PTLT,G,P,L,Y,+,P,T,L,T
658,CAGGCACCAGGGACACTATATACGTTTCCGACATTGACG,QaPgtLY+PTLT,Q,P,L,Y,+,P,T,L,T
659,GGGGCACAGGGACACTATATACGTTTCCGACATTGACG,GaxgtLY+PTLT,G,x,L,Y,+,P,T,L,T
660,CAGGCACAGGGACACTATATACGTTTCCGACATTGACG,QaxgtLY+PTLT,Q,x,L,Y,+,P,T,L,T
661,GGGGCACGAGGGACACGATTTACGTTTCCGACATTGACG,GaRgtRF+PTLT,G,R,R,F,+,P,T,L,T
662,CAGGCACGAGGGACACGATTTACGTTTCCGACATTGACG,QaRgtRF+PTLT,Q,R,R,F,+,P,T,L,T
663,GGGGCACCAGGGACACGATTTACGTTTCCGACATTGACG,GaPgtRF+PTLT,G,P,R,F,+,P,T,L,T
664,CAGGCACCAGGGACACGATTTACGTTTCCGACATTGACG,QaPgtRF+PTLT,Q,P,R,F,+,P,T,L,T
665,GGGGCACAGGGACACGATTTACGTTTCCGACATTGACG,GaxgtRF+PTLT,G,x,R,F,+,P,T,L,T
666,CAGGCACAGGGACACGATTTACGTTTCCGACATTGACG,QaxgtRF+PTLT,Q,x,R,F,+,P,T,L,T
667,GGGGCACGAGGGACACTATTTACGTTTCCGACATTGACG,GaRgtLF+PTLT,G,R,L,F,+,P,T,L,T
668,CAGGCACGAGGGACACTATTTACGTTTCCGACATTGACG,QaRgtLF+PTLT,Q,R,L,F,+,P,T,L,T
669,GGGGCACCAGGGACACTATTTACGTTTCCGACATTGACG,GaPgtLF+PTLT,G,P,L,F,+,P,T,L,T
670,CAGGCACCAGGGACACTATTTACGTTTCCGACATTGACG,QaPgtLF+PTLT,Q,P,L,F,+,P,T,L,T
671,GGGGCACAGGGACACTATTTACGTTTCCGACATTGACG,GaxgtLF+PTLT,G,x,L,F,+,P,T,L,T
672,CAGGCACAGGGACACTATTTACGTTTCCGACATTGACG,QaxgtLF+PTLT,Q,x,L,F,+,P,T,L,T
673,GGGGCACGAGGGACACGATATCAGTCATTGACG,GaRgtRY-QSLT,G,R,R,Y,-,Q,S,L,T
675,GGGGCACCAGGGACACGATATCAGTCATTGACG,GaPgtRY-QSLT,G,P,R,Y,-,Q,S,L,T
677,GGGGCACAGGGACACGATATCAGTCATTGACG,GaxgtRY-QSLT,G,x,R,Y,-,Q,S,L,T
679,GGGGCACGAGGGACACTATATCAGTCATTGACG,GaRgtLY-QSLT,G,R,L,Y,-,Q,S,L,T
681,GGGGCACCAGGGACACTATATCAGTCATTGACG,GaPgtLY-QSLT,G,P,L,Y,-,Q,S,L,T
683,GGGGCACAGGGACACTATATCAGTCATTGACG,GaxgtLY-QSLT,G,x,L,Y,-,Q,S,L,T
685,GGGGCACGAGGGACACGATTTCAGTCATTGACG,GaRgtRF-QSLT,G,R,R,F,-,Q,S,L,T
687,GGGGCACCAGGGACACGATTTCAGTCATTGACG,GaPgtRF-QSLT,G,P,R,F,-,Q,S,L,T
689,GGGGCACAGGGACACGATTTCAGTCATTGACG,GaxgtRF-QSLT,G,x,R,F,-,Q,S,L,T
691,GGGGCACGAGGGACACTATTTCAGTCATTGACG,GaRgtLF-QSLT,G,R,L,F,-,Q,S,L,T
693,GGGGCACCAGGGACACTATTTCAGTCATTGACG,GaPgtLF-QSLT,G,P,L,F,-,Q,S,L,T
695,GGGGCACAGGGACACTATTTCAGTCATTGACG,GaxgtLF-QSLT,G,x,L,F,-,Q,S,L,T
697,GGGGCACGAGGGACACGATATACGTTTCAGTCATTGACG,GaRgtRY+QSLT,G,R,R,Y,+,Q,S,L,T
698,CAGGCACGAGGGACACGATATACGTTTCAGTCATTGACG,QaRgtRY+QSLT,Q,R,R,Y,+,Q,S,L,T
699,GGGGCACCAGGGACACGATATACGTTTCAGTCATTGACG,GaPgtRY+QSLT,G,P,R,Y,+,Q,S,L,T
700,CAGGCACCAGGGACACGATATACGTTTCAGTCATTGACG,QaPgtRY+QSLT,Q,P,R,Y,+,Q,S,L,T
701,GGGGCACAGGGACACGATATACGTTTCAGTCATTGACG,GaxgtRY+QSLT,G,x,R,Y,+,Q,S,L,T
702,CAGGCACAGGGACACGATATACGTTTCAGTCATTGACG,QaxgtRY+QSLT,Q,x,R,Y,+,Q,S,L,T
703,GGGGCACGAGGGACACTATATACGTTTCAGTCATTGACG,GaRgtLY+QSLT,G,R,L,Y,+,Q,S,L,T
704,CAGGCACGAGGGACACTATATACGTTTCAGTCATTGACG,QaRgtLY+QSLT,Q,R,L,Y,+,Q,S,L,T
705,GGGGCACCAGGGACACTATATACGTTTCAGTCATTGACG,GaPgtLY+QSLT,G,P,L,Y,+,Q,S,L,T
706,CAGGCACCAGGGACACTATATACGTTTCAGTCATTGACG,QaPgtLY+QSLT,Q,P,L,Y,+,Q,S,L,T
707,GGGGCACAGGGACACTATATACGTTTCAGTCATTGACG,GaxgtLY+QSLT,G,x,L,Y,+,Q,S,L,T
708,CAGGCACAGGGACACTATATACGTTTCAGTCATTGACG,QaxgtLY+QSLT,Q,x,L,Y,+,Q,S,L,T
709,GGGGCACGAGGGACACGATTTACGTTTCAGTCATTGACG,GaRgtRF+QSLT,G,R,R,F,+,Q,S,L,T
710,CAGGCACGAGGGACACGATTTACGTTTCAGTCATTGACG,QaRgtRF+QSLT,Q,R,R,F,+,Q,S,L,T
711,GGGGCACCAGGGACACGATTTACGTTTCAGTCATTGACG,GaPgtRF+QSLT,G,P,R,F,+,Q,S,L,T
712,CAGGCACCAGGGACACGATTTACGTTTCAGTCATTGACG,QaPgtRF+QSLT,Q,P,R,F,+,Q,S,L,T
713,GGGGCACAGGGACACGATTTACGTTTCAGTCATTGACG,GaxgtRF+QSLT,G,x,R,F,+,Q,S,L,T
714,CAGGCACAGGGACACGATTTACGTTTCAGTCATTGACG,QaxgtRF+QSLT,Q,x,R,F,+,Q,S,L,T
715,GGGGCACGAGGGACACTATTTACGTTTCAGTCATTGACG,GaRgtLF+QSLT,G,R,L,F,+,Q,S,L,T
716,CAGGCACGAGGGACACTATTTACGTTTCAGTCATTGACG,QaRgtLF+QSLT,Q,R,L,F,+,Q,S,L,T
717,GGGGCACCAGGGACACTATTTACGTTTCAGTCATTGACG,GaPgtLF+QSLT,G,P,L,F,+,Q,S,L,T
718,CAGGCACCAGGGACACTATTTACGTTTCAGTCATTGACG,QaPgtLF+QSLT,Q,P,L,F,+,Q,S,L,T
719,GGGGCACAGGGACACTATTTACGTTTCAGTCATTGACG,GaxgtLF+QSLT,G,x,L,F,+,Q,S,L,T
720,CAGGCACAGGGACACTATTTACGTTTCAGTCATTGACG,QaxgtLF+QSLT,Q,x,L,F,+,Q,S,L,T
721,GGGGCACGAGGGACACGATATCCGTCATTGACG,GaRgtRY-PSLT,G,R,R,Y,-,P,S,L,T
723,GGGGCACCAGGGACACGATATCCGTCATTGACG,GaPgtRY-PSLT,G,P,R,Y,-,P,S,L,T
725,GGGGCACAGGGACACGATATCCGTCATTGACG,GaxgtRY-PSLT,G,x,R,Y,-,P,S,L,T
727,GGGGCACGAGGGACACTATATCCGTCATTGACG,GaRgtLY-PSLT,G,R,L,Y,-,P,S,L,T
729,GGGGCACCAGGGACACTATATCCGTCATTGACG,GaPgtLY-PSLT,G,P,L,Y,-,P,S,L,T
731,GGGGCACAGGGACACTATATCCGTCATTGACG,GaxgtLY-PSLT,G,x,L,Y,-,P,S,L,T
733,GGGGCACGAGGGACACGATTTCCGTCATTGACG,GaRgtRF-PSLT,G,R,R,F,-,P,S,L,T
735,GGGGCACCAGGGACACGATTTCCGTCATTGACG,GaPgtRF-PSLT,G,P,R,F,-,P,S,L,T
737,GGGGCACAGGGACACGATTTCCGTCATTGACG,GaxgtRF-PSLT,G,x,R,F,-,P,S,L,T
739,GGGGCACGAGGGACACTATTTCCGTCATTGACG,GaRgtLF-PSLT,G,R,L,F,-,P,S,L,T
741,GGGGCACCAGGGACACTATTTCCGTCATTGACG,GaPgtLF-PSLT,G,P,L,F,-,P,S,L,T
743,GGGGCACAGGGACACTATTTCCGTCATTGACG,GaxgtLF-PSLT,G,x,L,F,-,P,S,L,T
745,GGGGCACGAGGGACACGATATACGTTTCCGTCATTGACG,GaRgtRY+PSLT,G,R,R,Y,+,P,S,L,T
746,CAGGCACGAGGGACACGATATACGTTTCCGTCATTGACG,QaRgtRY+PSLT,Q,R,R,Y,+,P,S,L,T
747,GGGGCACCAGGGACACGATATACGTTTCCGTCATTGACG,GaPgtRY+PSLT,G,P,R,Y,+,P,S,L,T
748,CAGGCACCAGGGACACGATATACGTTTCCGTCATTGACG,QaPgtRY+PSLT,Q,P,R,Y,+,P,S,L,T
749,GGGGCACAGGGACACGATATACGTTTCCGTCATTGACG,GaxgtRY+PSLT,G,x,R,Y,+,P,S,L,T
750,CAGGCACAGGGACACGATATACGTTTCCGTCATTGACG,QaxgtRY+PSLT,Q,x,R,Y,+,P,S,L,T
751,GGGGCACGAGGGACACTATATACGTTTCCGTCATTGACG,GaRgtLY+PSLT,G,R,L,Y,+,P,S,L,T
752,CAGGCACGAGGGACACTATATACGTTTCCGTCATTGACG,QaRgtLY+PSLT,Q,R,L,Y,+,P,S,L,T
753,GGGGCACCAGGGACACTATATACGTTTCCGTCATTGACG,GaPgtLY+PSLT,G,P,L,Y,+,P,S,L,T
754,CAGGCACCAGGGACACTATATACGTTTCCGTCATTGACG,QaPgtLY+PSLT,Q,P,L,Y,+,P,S,L,T
755,GGGGCACAGGGACACTATATACGTTTCCGTCATTGACG,GaxgtLY+PSLT,G,x,L,Y,+,P,S,L,T
756,CAGGCACAGGGACACTATATACGTTTCCGTCATTGACG,QaxgtLY+PSLT,Q,x,L,Y,+,P,S,L,T
757,GGGGCACGAGGGACACGATTTACGTTTCCGTCATTGACG,GaRgtRF+PSLT,G,R,R,F,+,P,S,L,T
758,CAGGCACGAGGGACACGATTTACGTTTCCGTCATTGACG,QaRgtRF+PSLT,Q,R,R,F,+,P,S,L,T
759,GGGGCACCAGGGACACGATTTACGTTTCCGTCATTGACG,GaPgtRF+PSLT,G,P,R,F,+,P,S,L,T
760,CAGGCACCAGGGACACGATTTACGTTTCCGTCATTGACG,QaPgtRF+PSLT,Q,P,R,F,+,P,S,L,T
761,GGGGCACAGGGACACGATTTACGTTTCCGTCATTGACG,GaxgtRF+PSLT,G,x,R,F,+,P,S,L,T
762,CAGGCACAGGGACACGATTTACGTTTCCGTCATTGACG,QaxgtRF+PSLT,Q,x,R,F,+,P,S,L,T
763,GGGGCACGAGGGACACTATTTACGTTTCCGTCATTGACG,GaRgtLF+PSLT,G,R,L,F,+,P,S,L,T
764,CAGGCACGAGGGACACTATTTACGTTTCCGTCATTGACG,QaRgtLF+PSLT,Q,R,L,F,+,P,S,L,T
765,GGGGCACCAGGGACACTATTTACGTTTCCGTCATTGACG,GaPgtLF+PSLT,G,P,L,F,+,P,S,L,T
766,CAGGCACCAGGGACACTATTTACGTTTCCGTCATTGACG,QaPgtLF+PSLT,Q,P,L,F,+,P,S,L,T
767,GGGGCACAGGGACACTATTTACGTTTCCGTCATTGACG,GaxgtLF+PSLT,G,x,L,F,+,P,S,L,T
768,CAGGCACAGGGACACTATTTACGTTTCCGTCATTGACG,QaxgtLF+PSLT,Q,x,L,F,+,P,S,L,T
770,CAGGCACGAGGGACACGATATCAGACATTTACTG,QaRgtRY-QTFx,Q,R,R,Y,-,Q,T,F,x
772,CAGGCACCAGGGACACGATATCAGACATTTACTG,QaPgtRY-QTFx,Q,P,R,Y,-,Q,T,F,x
774,CAGGCACAGGGACACGATATCAGACATTTACTG,QaxgtRY-QTFx,Q,x,R,Y,-,Q,T,F,x
776,CAGGCACGAGGGACACTATATCAGACATTTACTG,QaRgtLY-QTFx,Q,R,L,Y,-,Q,T,F,x
778,CAGGCACCAGGGACACTATATCAGACATTTACTG,QaPgtLY-QTFx,Q,P,L,Y,-,Q,T,F,x
780,CAGGCACAGGGACACTATATCAGACATTTACTG,QaxgtLY-QTFx,Q,x,L,Y,-,Q,T,F,x
782,CAGGCACGAGGGACACGATTTCAGACATTTACTG,QaRgtRF-QTFx,Q,R,R,F,-,Q,T,F,x
784,CAGGCACCAGGGACACGATTTCAGACATTTACTG,QaPgtRF-QTFx,Q,P,R,F,-,Q,T,F,x
786,CAGGCACAGGGACACGATTTCAGACATTTACTG,QaxgtRF-QTFx,Q,x,R,F,-,Q,T,F,x
788,CAGGCACGAGGGACACTATTTCAGACATTTACTG,QaRgtLF-QTFx,Q,R,L,F,-,Q,T,F,x
790,CAGGCACCAGGGACACTATTTCAGACATTTACTG,QaPgtLF-QTFx,Q,P,L,F,-,Q,T,F,x
792,CAGGCACAGGGACACTATTTCAGACATTTACTG,QaxgtLF-QTFx,Q,x,L,F,-,Q,T,F,x
818,CAGGCACGAGGGACACGATATCCGACATTTACTG,QaRgtRY-PTFx,Q,R,R,Y,-,P,T,F,x
820,CAGGCACCAGGGACACGATATCCGACATTTACTG,QaPgtRY-PTFx,Q,P,R,Y,-,P,T,F,x
822,CAGGCACAGGGACACGATATCCGACATTTACTG,QaxgtRY-PTFx,Q,x,R,Y,-,P,T,F,x
824,CAGGCACGAGGGACACTATATCCGACATTTACTG,QaRgtLY-PTFx,Q,R,L,Y,-,P,T,F,x
826,CAGGCACCAGGGACACTATATCCGACATTTACTG,QaPgtLY-PTFx,Q,P,L,Y,-,P,T,F,x
828,CAGGCACAGGGACACTATATCCGACATTTACTG,QaxgtLY-PTFx,Q,x,L,Y,-,P,T,F,x
830,CAGGCACGAGGGACACGATTTCCGACATTTACTG,QaRgtRF-PTFx,Q,R,R,F,-,P,T,F,x
832,CAGGCACCAGGGACACGATTTCCGACATTTACTG,QaPgtRF-PTFx,Q,P,R,F,-,P,T,F,x
834,CAGGCACAGGGACACGATTTCCGACATTTACTG,QaxgtRF-PTFx,Q,x,R,F,-,P,T,F,x
836,CAGGCACGAGGGACACTATTTCCGACATTTACTG,QaRgtLF-PTFx,Q,R,L,F,-,P,T,F,x
838,CAGGCACCAGGGACACTATTTCCGACATTTACTG,QaPgtLF-PTFx,Q,P,L,F,-,P,T,F,x
840,CAGGCACAGGGACACTATTTCCGACATTTACTG,QaxgtLF-PTFx,Q,x,L,F,-,P,T,F,x
866,CAGGCACGAGGGACACGATATCAGTCATTTACTG,QaRgtRY-QSFx,Q,R,R,Y,-,Q,S,F,x
868,CAGGCACCAGGGACACGATATCAGTCATTTACTG,QaPgtRY-QSFx,Q,P,R,Y,-,Q,S,F,x
870,CAGGCACAGGGACACGATATCAGTCATTTACTG,QaxgtRY-QSFx,Q,x,R,Y,-,Q,S,F,x
872,CAGGCACGAGGGACACTATATCAGTCATTTACTG,QaRgtLY-QSFx,Q,R,L,Y,-,Q,S,F,x
874,CAGGCACCAGGGACACTATATCAGTCATTTACTG,QaPgtLY-QSFx,Q,P,L,Y,-,Q,S,F,x
876,CAGGCACAGGGACACTATATCAGTCATTTACTG,QaxgtLY-QSFx,Q,x,L,Y,-,Q,S,F,x
878,CAGGCACGAGGGACACGATTTCAGTCATTTACTG,QaRgtRF-QSFx,Q,R,R,F,-,Q,S,F,x
880,CAGGCACCAGGGACACGATTTCAGTCATTTACTG,QaPgtRF-QSFx,Q,P,R,F,-,Q,S,F,x
882,CAGGCACAGGGACACGATTTCAGTCATTTACTG,QaxgtRF-QSFx,Q,x,R,F,-,Q,S,F,x
884,CAGGCACGAGGGACACTATTTCAGTCATTTACTG,QaRgtLF-QSFx,Q,R,L,F,-,Q,S,F,x
886,CAGGCACCAGGGACACTATTTCAGTCATTTACTG,QaPgtLF-QSFx,Q,P,L,F,-,Q,S,F,x
888,CAGGCACAGGGACACTATTTCAGTCATTTACTG,QaxgtLF-QSFx,Q,x,L,F,-,Q,S,F,x
914,CAGGCACGAGGGACACGATATCCGTCATTTACTG,QaRgtRY-PSFx,Q,R,R,Y,-,P,S,F,x
916,CAGGCACCAGGGACACGATATCCGTCATTTACTG,QaPgtRY-PSFx,Q,P,R,Y,-,P,S,F,x
918,CAGGCACAGGGACACGATATCCGTCATTTACTG,QaxgtRY-PSFx,Q,x,R,Y,-,P,S,F,x
920,CAGGCACGAGGGACACTATATCCGTCATTTACTG,QaRgtLY-PSFx,Q,R,L,Y,-,P,S,F,x
922,CAGGCACCAGGGACACTATATCCGTCATTTACTG,QaPgtLY-PSFx,Q,P,L,Y,-,P,S,F,x
924,CAGGCACAGGGACACTATATCCGTCATTTACTG,QaxgtLY-PSFx,Q,x,L,Y,-,P,S,F,x
926,CAGGCACGAGGGACACGATTTCCGTCATTTACTG,QaRgtRF-PSFx,Q,R,R,F,-,P,S,F,x
928,CAGGCACCAGGGACACGATTTCCGTCATTTACTG,QaPgtRF-PSFx,Q,P,R,F,-,P,S,F,x
930,CAGGCACAGGGACACGATTTCCGTCATTTACTG,QaxgtRF-PSFx,Q,x,R,F,-,P,S,F,x
932,CAGGCACGAGGGACACTATTTCCGTCATTTACTG,QaRgtLF-PSFx,Q,R,L,F,-,P,S,F,x
934,CAGGCACCAGGGACACTATTTCCGTCATTTACTG,QaPgtLF-PSFx,Q,P,L,F,-,P,S,F,x
936,CAGGCACAGGGACACTATTTCCGTCATTTACTG,QaxgtLF-PSFx,Q,x,L,F,-,P,S,F,x
962,CAGGCACGAGGGACACGATATCAGACATTGACTG,QaRgtRY-QTLx,Q,R,R,Y,-,Q,T,L,x
964,CAGGCACCAGGGACACGATATCAGACATTGACTG,QaPgtRY-QTLx,Q,P,R,Y,-,Q,T,L,x
966,CAGGCACAGGGACACGATATCAGACATTGACTG,QaxgtRY-QTLx,Q,x,R,Y,-,Q,T,L,x
968,CAGGCACGAGGGACACTATATCAGACATTGACTG,QaRgtLY-QTLx,Q,R,L,Y,-,Q,T,L,x
970,CAGGCACCAGGGACACTATATCAGACATTGACTG,QaPgtLY-QTLx,Q,P,L,Y,-,Q,T,L,x
972,CAGGCACAGGGACACTATATCAGACATTGACTG,QaxgtLY-QTLx,Q,x,L,Y,-,Q,T,L,x
974,CAGGCACGAGGGACACGATTTCAGACATTGACTG,QaRgtRF-QTLx,Q,R,R,F,-,Q,T,L,x
976,CAGGCACCAGGGACACGATTTCAGACATTGACTG,QaPgtRF-QTLx,Q,P,R,F,-,Q,T,L,x
978,CAGGCACAGGGACACGATTTCAGACATTGACTG,QaxgtRF-QTLx,Q,x,R,F,-,Q,T,L,x
980,CAGGCACGAGGGACACTATTTCAGACATTGACTG,QaRgtLF-QTLx,Q,R,L,F,-,Q,T,L,x
982,CAGGCACCAGGGACACTATTTCAGACATTGACTG,QaPgtLF-QTLx,Q,P,L,F,-,Q,T,L,x
984,CAGGCACAGGGACACTATTTCAGACATTGACTG,QaxgtLF-QTLx,Q,x,L,F,-,Q,T,L,x
1010,CAGGCACGAGGGACACGATATCCGACATTGACTG,QaRgtRY-PTLx,Q,R,R,Y,-,P,T,L,x
1012,CAGGCACCAGGGACACGATATCCGACATTGACTG,QaPgtRY-PTLx,Q,P,R,Y,-,P,T,L,x
1014,CAGGCACAGGGACACGATATCCGACATTGACTG,QaxgtRY-PTLx,Q,x,R,Y,-,P,T,L,x
1016,CAGGCACGAGGGACACTATATCCGACATTGACTG,QaRgtLY-PTLx,Q,R,L,Y,-,P,T,L,x
1018,CAGGCACCAGGGACACTATATCCGACATTGACTG,QaPgtLY-PTLx,Q,P,L,Y,-,P,T,L,x
1020,CAGGCACAGGGACACTATATCCGACATTGACTG,QaxgtLY-PTLx,Q,x,L,Y,-,P,T,L,x
1022,CAGGCACGAGGGACACGATTTCCGACATTGACTG,QaRgtRF-PTLx,Q,R,R,F,-,P,T,L,x
1024,CAGGCACCAGGGACACGATTTCCGACATTGACTG,QaPgtRF-PTLx,Q,P,R,F,-,P,T,L,x
1026,CAGGCACAGGGACACGATTTCCGACATTGACTG,QaxgtRF-PTLx,Q,x,R,F,-,P,T,L,x
1028,CAGGCACGAGGGACACTATTTCCGACATTGACTG,QaRgtLF-PTLx,Q,R,L,F,-,P,T,L,x
1030,CAGGCACCAGGGACACTATTTCCGACATTGACTG,QaPgtLF-PTLx,Q,P,L,F,-,P,T,L,x
1032,CAGGCACAGGGACACTATTTCCGACATTGACTG,QaxgtLF-PTLx,Q,x,L,F,-,P,T,L,x
1058,CAGGCACGAGGGACACGATATCAGTCATTGACTG,QaRgtRY-QSLx,Q,R,R,Y,-,Q,S,L,x
1060,CAGGCACCAGGGACACGATATCAGTCATTGACTG,QaPgtRY-QSLx,Q,P,R,Y,-,Q,S,L,x
1062,CAGGCACAGGGACACGATATCAGTCATTGACTG,QaxgtRY-QSLx,Q,x,R,Y,-,Q,S,L,x
1064,CAGGCACGAGGGACACTATATCAGTCATTGACTG,QaRgtLY-QSLx,Q,R,L,Y,-,Q,S,L,x
1066,CAGGCACCAGGGACACTATATCAGTCATTGACTG,QaPgtLY-QSLx,Q,P,L,Y,-,Q,S,L,x
1068,CAGGCACAGGGACACTATATCAGTCATTGACTG,QaxgtLY-QSLx,Q,x,L,Y,-,Q,S,L,x
1070,CAGGCACGAGGGACACGATTTCAGTCATTGACTG,QaRgtRF-QSLx,Q,R,R,F,-,Q,S,L,x
1072,CAGGCACCAGGGACACGATTTCAGTCATTGACTG,QaPgtRF-QSLx,Q,P,R,F,-,Q,S,L,x
1074,CAGGCACAGGGACACGATTTCAGTCATTGACTG,QaxgtRF-QSLx,Q,x,R,F,-,Q,S,L,x
1076,CAGGCACGAGGGACACTATTTCAGTCATTGACTG,QaRgtLF-QSLx,Q,R,L,F,-,Q,S,L,x
1078,CAGGCACCAGGGACACTATTTCAGTCATTGACTG,QaPgtLF-QSLx,Q,P,L,F,-,Q,S,L,x
1080,CAGGCACAGGGACACTATTTCAGTCATTGACTG,QaxgtLF-QSLx,Q,x,L,F,-,Q,S,L,x
1106,CAGGCACGAGGGACACGATATCCGTCATTGACTG,QaRgtRY-PSLx,Q,R,R,Y,-,P,S,L,x
1108,CAGGCACCAGGGACACGATATCCGTCATTGACTG,QaPgtRY-PSLx,Q,P,R,Y,-,P,S,L,x
1110,CAGGCACAGGGACACGATATCCGTCATTGACTG,QaxgtRY-PSLx,Q,x,R,Y,-,P,S,L,x
1112,CAGGCACGAGGGACACTATATCCGTCATTGACTG,QaRgtLY-PSLx,Q,R,L,Y,-,P,S,L,x
1114,CAGGCACCAGGGACACTATATCCGTCATTGACTG,QaPgtLY-PSLx,Q,P,L,Y,-,P,S,L,x
1116,CAGGCACAGGGACACTATATCCGTCATTGACTG,QaxgtLY-PSLx,Q,x,L,Y,-,P,S,L,x
1118,CAGGCACGAGGGACACGATTTCCGTCATTGACTG,QaRgtRF-PSLx,Q,R,R,F,-,P,S,L,x
1120,CAGGCACCAGGGACACGATTTCCGTCATTGACTG,QaPgtRF-PSLx,Q,P,R,F,-,P,S,L,x
1122,CAGGCACAGGGACACGATTTCCGTCATTGACTG,QaxgtRF-PSLx,Q,x,R,F,-,P,S,L,x
1124,CAGGCACGAGGGACACTATTTCCGTCATTGACTG,QaRgtLF-PSLx,Q,R,L,F,-,P,S,L,x
1126,CAGGCACCAGGGACACTATTTCCGTCATTGACTG,QaPgtLF-PSLx,Q,P,L,F,-,P,S,L,x
1128,CAGGCACAGGGACACTATTTCCGTCATTGACTG,QaxgtLF-PSLx,Q,x,L,F,-,P,S,L,x